Id,Prediction
001450.JPEG,5
002922.JPEG,9
001692.JPEG,9
004268.JPEG,7
004379.JPEG,2
004735.JPEG,6
003031.JPEG,10
000848.JPEG,1
003227.JPEG,6
002759.JPEG,0
004345.JPEG,11
002576.JPEG,11
004945.JPEG,3
004374.JPEG,0
000514.JPEG,15
004239.JPEG,7
003150.JPEG,9
000784.JPEG,10
003641.JPEG,6
000275.JPEG,1
000919.JPEG,6
004734.JPEG,5
001097.JPEG,13
000280.JPEG,0
002776.JPEG,16
001363.JPEG,13
004287.JPEG,9
002431.JPEG,5
002549.JPEG,19
000110.JPEG,10
003416.JPEG,0
003146.JPEG,6
004810.JPEG,11
004024.JPEG,20
002944.JPEG,11
001016.JPEG,12
000061.JPEG,0
004258.JPEG,4
000207.JPEG,13
003215.JPEG,18
004118.JPEG,9
000358.JPEG,9
000932.JPEG,18
001810.JPEG,20
003755.JPEG,7
001462.JPEG,7
003465.JPEG,0
004919.JPEG,14
003796.JPEG,13
001000.JPEG,17
005210.JPEG,6
000199.JPEG,15
000976.JPEG,3
003212.JPEG,0
003815.JPEG,2
003277.JPEG,5
000791.JPEG,19
001212.JPEG,0
003391.JPEG,9
001808.JPEG,1
005090.JPEG,3
003267.JPEG,16
002158.JPEG,14
002414.JPEG,8
005203.JPEG,15
004264.JPEG,9
000729.JPEG,12
004620.JPEG,8
003342.JPEG,4
001961.JPEG,1
000607.JPEG,3
003636.JPEG,9
001678.JPEG,3
002971.JPEG,14
001023.JPEG,3
002262.JPEG,19
000799.JPEG,8
004003.JPEG,2
000720.JPEG,14
000276.JPEG,18
004455.JPEG,0
003762.JPEG,8
001796.JPEG,5
001215.JPEG,11
004153.JPEG,4
003206.JPEG,20
003149.JPEG,11
004788.JPEG,15
000398.JPEG,14
000539.JPEG,5
000815.JPEG,4
002855.JPEG,12
000205.JPEG,1
002856.JPEG,15
003800.JPEG,10
002994.JPEG,0
003507.JPEG,13
001763.JPEG,19
000877.JPEG,10
004603.JPEG,0
004758.JPEG,7
001396.JPEG,8
004015.JPEG,18
000759.JPEG,1
003551.JPEG,18
000011.JPEG,17
002419.JPEG,0
004308.JPEG,13
003294.JPEG,10
002161.JPEG,11
004843.JPEG,12
000465.JPEG,6
003747.JPEG,1
001705.JPEG,11
003062.JPEG,11
001615.JPEG,7
000562.JPEG,9
002280.JPEG,6
001286.JPEG,8
003241.JPEG,1
000352.JPEG,17
004102.JPEG,6
003235.JPEG,18
005071.JPEG,11
002673.JPEG,18
004982.JPEG,20
005132.JPEG,16
004632.JPEG,4
000164.JPEG,18
002430.JPEG,5
003470.JPEG,8
005247.JPEG,14
000943.JPEG,18
004602.JPEG,14
004740.JPEG,17
000694.JPEG,20
002476.JPEG,14
003964.JPEG,17
002236.JPEG,1
002122.JPEG,6
000257.JPEG,5
000894.JPEG,19
003047.JPEG,4
003354.JPEG,15
004446.JPEG,16
001322.JPEG,11
001687.JPEG,17
000526.JPEG,8
003239.JPEG,9
004570.JPEG,11
004244.JPEG,11
001817.JPEG,16
004040.JPEG,13
000417.JPEG,5
000094.JPEG,13
000222.JPEG,7
003441.JPEG,14
001062.JPEG,1
004772.JPEG,9
002819.JPEG,11
001880.JPEG,6
004952.JPEG,15
005154.JPEG,16
004714.JPEG,14
003608.JPEG,18
000270.JPEG,19
004048.JPEG,6
004430.JPEG,0
003597.JPEG,16
005199.JPEG,11
001609.JPEG,11
001805.JPEG,11
001853.JPEG,11
002650.JPEG,7
000445.JPEG,0
002323.JPEG,16
000747.JPEG,18
002662.JPEG,17
001691.JPEG,13
003133.JPEG,9
003028.JPEG,17
004036.JPEG,2
001382.JPEG,11
004668.JPEG,0
002979.JPEG,17
002925.JPEG,8
002568.JPEG,0
003367.JPEG,11
002633.JPEG,13
001877.JPEG,10
001135.JPEG,4
000659.JPEG,5
002137.JPEG,18
000386.JPEG,6
004653.JPEG,11
000239.JPEG,18
004332.JPEG,0
005054.JPEG,16
004837.JPEG,13
004315.JPEG,15
003201.JPEG,16
001296.JPEG,17
005051.JPEG,12
003673.JPEG,18
001130.JPEG,3
003130.JPEG,0
004537.JPEG,13
004755.JPEG,0
002646.JPEG,16
003216.JPEG,2
003857.JPEG,7
002816.JPEG,8
003345.JPEG,7
000684.JPEG,20
001102.JPEG,20
001345.JPEG,18
000321.JPEG,12
000713.JPEG,15
000383.JPEG,17
000512.JPEG,15
000154.JPEG,17
001654.JPEG,7
002997.JPEG,15
002005.JPEG,10
001849.JPEG,15
000993.JPEG,16
002873.JPEG,6
000970.JPEG,3
001480.JPEG,8
000921.JPEG,2
004893.JPEG,16
004391.JPEG,9
000570.JPEG,2
003849.JPEG,6
000795.JPEG,5
002480.JPEG,14
000106.JPEG,12
003138.JPEG,0
002324.JPEG,17
002300.JPEG,18
001085.JPEG,9
002942.JPEG,0
001959.JPEG,19
000552.JPEG,10
004763.JPEG,11
001798.JPEG,11
002687.JPEG,4
000507.JPEG,17
000771.JPEG,18
000395.JPEG,3
001552.JPEG,1
002947.JPEG,1
003460.JPEG,6
004721.JPEG,0
004068.JPEG,11
005105.JPEG,17
001166.JPEG,1
003899.JPEG,1
000315.JPEG,13
003436.JPEG,15
000323.JPEG,0
002489.JPEG,19
001377.JPEG,20
001559.JPEG,9
001985.JPEG,12
001948.JPEG,0
003092.JPEG,1
001348.JPEG,15
000088.JPEG,14
001803.JPEG,10
002148.JPEG,4
001036.JPEG,15
002363.JPEG,16
003983.JPEG,10
004330.JPEG,0
000638.JPEG,19
001231.JPEG,6
000115.JPEG,11
000212.JPEG,1
002201.JPEG,8
002869.JPEG,0
003624.JPEG,7
003172.JPEG,11
002891.JPEG,19
004904.JPEG,14
002507.JPEG,7
002405.JPEG,16
003550.JPEG,8
001841.JPEG,2
004876.JPEG,17
001425.JPEG,3
004808.JPEG,20
002019.JPEG,17
003007.JPEG,19
002509.JPEG,16
003217.JPEG,4
000190.JPEG,16
004864.JPEG,7
001733.JPEG,5
003025.JPEG,17
004224.JPEG,2
000320.JPEG,15
001649.JPEG,19
003842.JPEG,16
000157.JPEG,20
001293.JPEG,0
004934.JPEG,10
004027.JPEG,6
001550.JPEG,8
001257.JPEG,8
002276.JPEG,5
003642.JPEG,19
004615.JPEG,12
000648.JPEG,3
005023.JPEG,18
001295.JPEG,16
000809.JPEG,19
000012.JPEG,17
005227.JPEG,20
002681.JPEG,19
004828.JPEG,0
001897.JPEG,12
004748.JPEG,6
001873.JPEG,5
004590.JPEG,6
002055.JPEG,10
001865.JPEG,1
000005.JPEG,0
004709.JPEG,19
004294.JPEG,8
001908.JPEG,7
004959.JPEG,5
003242.JPEG,11
000172.JPEG,17
000218.JPEG,14
003050.JPEG,4
002270.JPEG,9
003890.JPEG,11
002981.JPEG,9
000805.JPEG,10
005019.JPEG,1
001558.JPEG,10
003306.JPEG,20
004209.JPEG,8
002178.JPEG,20
003542.JPEG,19
003320.JPEG,10
003238.JPEG,3
003327.JPEG,16
001620.JPEG,8
003604.JPEG,3
002425.JPEG,13
002449.JPEG,9
002517.JPEG,3
001315.JPEG,19
000953.JPEG,6
004066.JPEG,7
000865.JPEG,1
001636.JPEG,7
002875.JPEG,2
000772.JPEG,11
001351.JPEG,10
003497.JPEG,8
002315.JPEG,19
004063.JPEG,5
001356.JPEG,1
004413.JPEG,17
000137.JPEG,14
002011.JPEG,15
003687.JPEG,8
000041.JPEG,9
000001.JPEG,19
002205.JPEG,15
003635.JPEG,1
003589.JPEG,17
003443.JPEG,19
002916.JPEG,9
004861.JPEG,7
002846.JPEG,12
002504.JPEG,6
003446.JPEG,4
005094.JPEG,15
004427.JPEG,7
002595.JPEG,15
000468.JPEG,16
003508.JPEG,5
002474.JPEG,13
005238.JPEG,8
003866.JPEG,1
003352.JPEG,16
000130.JPEG,4
000700.JPEG,8
000457.JPEG,8
000046.JPEG,14
004099.JPEG,5
003648.JPEG,1
003943.JPEG,17
002596.JPEG,8
001602.JPEG,10
005200.JPEG,19
001610.JPEG,0
000100.JPEG,19
001282.JPEG,12
002132.JPEG,0
004429.JPEG,17
001029.JPEG,20
000660.JPEG,8
002219.JPEG,15
001499.JPEG,17
003018.JPEG,13
003515.JPEG,7
000768.JPEG,19
002238.JPEG,8
004793.JPEG,17
001567.JPEG,3
000295.JPEG,8
002918.JPEG,7
003101.JPEG,16
004542.JPEG,0
005211.JPEG,18
004106.JPEG,7
004902.JPEG,5
004384.JPEG,15
005126.JPEG,19
002191.JPEG,20
005116.JPEG,3
004045.JPEG,1
003768.JPEG,14
003357.JPEG,15
005208.JPEG,1
000724.JPEG,14
004619.JPEG,3
000634.JPEG,2
002188.JPEG,13
003850.JPEG,5
004554.JPEG,16
000189.JPEG,8
000737.JPEG,11
004339.JPEG,4
004359.JPEG,1
002665.JPEG,13
003887.JPEG,1
001183.JPEG,1
000832.JPEG,1
001148.JPEG,13
002721.JPEG,0
004664.JPEG,20
003979.JPEG,3
003575.JPEG,15
002279.JPEG,3
001676.JPEG,13
001728.JPEG,11
002381.JPEG,9
001281.JPEG,6
004256.JPEG,8
002210.JPEG,1
001517.JPEG,20
001932.JPEG,5
003218.JPEG,9
002697.JPEG,0
000277.JPEG,5
005081.JPEG,3
003996.JPEG,4
000246.JPEG,13
000364.JPEG,16
004154.JPEG,3
001465.JPEG,16
004863.JPEG,12
002714.JPEG,12
004251.JPEG,11
003978.JPEG,17
002748.JPEG,11
001583.JPEG,1
003829.JPEG,15
005072.JPEG,19
001442.JPEG,5
004012.JPEG,9
000858.JPEG,18
002167.JPEG,19
001368.JPEG,5
000144.JPEG,8
000872.JPEG,10
003264.JPEG,7
002450.JPEG,13
001667.JPEG,9
000816.JPEG,1
002087.JPEG,7
002345.JPEG,4
002510.JPEG,18
003981.JPEG,12
004944.JPEG,5
003282.JPEG,20
003183.JPEG,4
000929.JPEG,16
004933.JPEG,6
003749.JPEG,9
002047.JPEG,11
001254.JPEG,4
003339.JPEG,1
000223.JPEG,15
004786.JPEG,0
000167.JPEG,5
003528.JPEG,15
000833.JPEG,9
003061.JPEG,7
003136.JPEG,18
003541.JPEG,13
003888.JPEG,9
003719.JPEG,1
002928.JPEG,20
001820.JPEG,1
004831.JPEG,9
003553.JPEG,11
000869.JPEG,10
005014.JPEG,11
000875.JPEG,18
000704.JPEG,12
000150.JPEG,15
004558.JPEG,12
004443.JPEG,9
004791.JPEG,4
003425.JPEG,2
003582.JPEG,11
003925.JPEG,3
003302.JPEG,17
004686.JPEG,2
000331.JPEG,17
003222.JPEG,19
004493.JPEG,8
002017.JPEG,19
002103.JPEG,3
000864.JPEG,0
003479.JPEG,5
000060.JPEG,7
001717.JPEG,3
001601.JPEG,11
001553.JPEG,9
001126.JPEG,14
000532.JPEG,18
001690.JPEG,19
001604.JPEG,13
000836.JPEG,20
001781.JPEG,19
002039.JPEG,5
003278.JPEG,11
003351.JPEG,1
002013.JPEG,1
001236.JPEG,1
004761.JPEG,8
000092.JPEG,13
004157.JPEG,11
004145.JPEG,0
003511.JPEG,5
001259.JPEG,10
003220.JPEG,11
003656.JPEG,11
004846.JPEG,13
005197.JPEG,11
003784.JPEG,5
004916.JPEG,6
000703.JPEG,5
004065.JPEG,19
004255.JPEG,11
004291.JPEG,7
001288.JPEG,13
004517.JPEG,8
002165.JPEG,3
005062.JPEG,11
004690.JPEG,16
000537.JPEG,14
003162.JPEG,4
004197.JPEG,14
000627.JPEG,4
001937.JPEG,20
001365.JPEG,20
001987.JPEG,12
005109.JPEG,8
000992.JPEG,17
002026.JPEG,5
000431.JPEG,7
001419.JPEG,0
000798.JPEG,12
005231.JPEG,1
003098.JPEG,2
003428.JPEG,10
004097.JPEG,7
000908.JPEG,3
002443.JPEG,15
003289.JPEG,9
001993.JPEG,7
000387.JPEG,11
002493.JPEG,7
000071.JPEG,17
002199.JPEG,3
001813.JPEG,13
002303.JPEG,2
003700.JPEG,16
004741.JPEG,3
002989.JPEG,20
000204.JPEG,14
002690.JPEG,9
004549.JPEG,12
000399.JPEG,18
001958.JPEG,20
004128.JPEG,1
000227.JPEG,17
004647.JPEG,9
004495.JPEG,17
004098.JPEG,9
003595.JPEG,18
003666.JPEG,5
000438.JPEG,18
000426.JPEG,14
002851.JPEG,6
000958.JPEG,12
001001.JPEG,16
001318.JPEG,0
001714.JPEG,15
000376.JPEG,5
005006.JPEG,1
002910.JPEG,16
003335.JPEG,3
000573.JPEG,14
001071.JPEG,0
003178.JPEG,11
000253.JPEG,0
003923.JPEG,18
002544.JPEG,11
004000.JPEG,11
000695.JPEG,11
003492.JPEG,19
004096.JPEG,5
002060.JPEG,0
000344.JPEG,19
002253.JPEG,11
001739.JPEG,18
003520.JPEG,2
002691.JPEG,14
003563.JPEG,4
005012.JPEG,20
003203.JPEG,15
004574.JPEG,15
003802.JPEG,14
001758.JPEG,15
002886.JPEG,12
000039.JPEG,9
000448.JPEG,2
001523.JPEG,11
000651.JPEG,3
000998.JPEG,18
002560.JPEG,15
004026.JPEG,9
003373.JPEG,15
001936.JPEG,8
000963.JPEG,5
000827.JPEG,2
000525.JPEG,16
004449.JPEG,5
001314.JPEG,10
001203.JPEG,3
002056.JPEG,0
005195.JPEG,11
003472.JPEG,13
000229.JPEG,1
001473.JPEG,13
001143.JPEG,19
002139.JPEG,0
002726.JPEG,18
004316.JPEG,20
001370.JPEG,15
003921.JPEG,1
000367.JPEG,20
002767.JPEG,0
003240.JPEG,3
001990.JPEG,4
001659.JPEG,15
002349.JPEG,0
000666.JPEG,17
005192.JPEG,15
004638.JPEG,11
005141.JPEG,8
004156.JPEG,20
003365.JPEG,19
004082.JPEG,1
001898.JPEG,9
004494.JPEG,16
001607.JPEG,14
001525.JPEG,15
001079.JPEG,18
002454.JPEG,9
000936.JPEG,16
002832.JPEG,0
004170.JPEG,9
000492.JPEG,14
003261.JPEG,19
005042.JPEG,6
005098.JPEG,17
003081.JPEG,6
005021.JPEG,20
002527.JPEG,5
001213.JPEG,17
004678.JPEG,0
000672.JPEG,15
000975.JPEG,11
002782.JPEG,20
001300.JPEG,14
002183.JPEG,0
001326.JPEG,11
004782.JPEG,15
004581.JPEG,10
001037.JPEG,19
001584.JPEG,9
002757.JPEG,7
001087.JPEG,9
005145.JPEG,11
004008.JPEG,20
000754.JPEG,0
005101.JPEG,0
004794.JPEG,20
001481.JPEG,19
004280.JPEG,16
003620.JPEG,11
002769.JPEG,4
001270.JPEG,6
003285.JPEG,14
002839.JPEG,5
003654.JPEG,2
005133.JPEG,3
004334.JPEG,16
003644.JPEG,13
001325.JPEG,12
002455.JPEG,13
002850.JPEG,3
003037.JPEG,18
005050.JPEG,14
003519.JPEG,13
004101.JPEG,20
002988.JPEG,16
000254.JPEG,20
000183.JPEG,11
001074.JPEG,18
003808.JPEG,11
004142.JPEG,20
002837.JPEG,1
001341.JPEG,12
004365.JPEG,18
005137.JPEG,1
004747.JPEG,5
000535.JPEG,17
000236.JPEG,5
000972.JPEG,5
003664.JPEG,11
001743.JPEG,8
001493.JPEG,6
000679.JPEG,0
003710.JPEG,0
003947.JPEG,15
001870.JPEG,12
003432.JPEG,1
000572.JPEG,11
001871.JPEG,13
001688.JPEG,13
005152.JPEG,8
002081.JPEG,20
003099.JPEG,10
003933.JPEG,20
004498.JPEG,7
001260.JPEG,15
001484.JPEG,11
003190.JPEG,5
002407.JPEG,2
003557.JPEG,15
000726.JPEG,15
001787.JPEG,3
004924.JPEG,8
003159.JPEG,17
001878.JPEG,18
001316.JPEG,12
003937.JPEG,13
001098.JPEG,16
003804.JPEG,3
001385.JPEG,7
001732.JPEG,4
004508.JPEG,1
002736.JPEG,20
000419.JPEG,13
001980.JPEG,0
004283.JPEG,1
002546.JPEG,9
000230.JPEG,7
000074.JPEG,1
000797.JPEG,1
002941.JPEG,10
001529.JPEG,18
000406.JPEG,8
000333.JPEG,13
004544.JPEG,12
004580.JPEG,16
003562.JPEG,16
001831.JPEG,20
004451.JPEG,12
000774.JPEG,15
001487.JPEG,16
001106.JPEG,2
005015.JPEG,14
004457.JPEG,2
004694.JPEG,6
001147.JPEG,5
002141.JPEG,15
004906.JPEG,15
004210.JPEG,20
002336.JPEG,19
001693.JPEG,16
004806.JPEG,15
001527.JPEG,12
000763.JPEG,10
003801.JPEG,15
000862.JPEG,12
000583.JPEG,18
003275.JPEG,2
003658.JPEG,2
004358.JPEG,19
003789.JPEG,2
001408.JPEG,15
002580.JPEG,14
002133.JPEG,15
004577.JPEG,8
001891.JPEG,2
004713.JPEG,13
002533.JPEG,13
003974.JPEG,9
004856.JPEG,13
002234.JPEG,0
004275.JPEG,7
003739.JPEG,1
001404.JPEG,19
004147.JPEG,15
003781.JPEG,8
002496.JPEG,20
001120.JPEG,18
002611.JPEG,14
005125.JPEG,20
000446.JPEG,12
004531.JPEG,4
000821.JPEG,20
004073.JPEG,13
000783.JPEG,10
002581.JPEG,17
002805.JPEG,17
003944.JPEG,0
004324.JPEG,13
004248.JPEG,15
004007.JPEG,19
000108.JPEG,2
003657.JPEG,13
000179.JPEG,18
004060.JPEG,2
004442.JPEG,19
004923.JPEG,9
002310.JPEG,13
004999.JPEG,11
003305.JPEG,20
004532.JPEG,7
001017.JPEG,18
001194.JPEG,19
005011.JPEG,13
001178.JPEG,17
002018.JPEG,11
001374.JPEG,19
003296.JPEG,3
001750.JPEG,7
000055.JPEG,19
002794.JPEG,20
001942.JPEG,18
002920.JPEG,15
000327.JPEG,1
001812.JPEG,15
003549.JPEG,2
001219.JPEG,3
001599.JPEG,16
000890.JPEG,11
004989.JPEG,1
001926.JPEG,15
004130.JPEG,16
005123.JPEG,18
002540.JPEG,2
001515.JPEG,7
002723.JPEG,7
002224.JPEG,13
000076.JPEG,11
000613.JPEG,13
000547.JPEG,7
004887.JPEG,11
000775.JPEG,9
003208.JPEG,4
001152.JPEG,19
003023.JPEG,20
001698.JPEG,7
004718.JPEG,20
002739.JPEG,5
002838.JPEG,14
002441.JPEG,8
003360.JPEG,7
003004.JPEG,8
000688.JPEG,10
003614.JPEG,6
000615.JPEG,3
002085.JPEG,14
002108.JPEG,14
003954.JPEG,17
004979.JPEG,14
001755.JPEG,19
003602.JPEG,3
001157.JPEG,13
002793.JPEG,7
003559.JPEG,1
004875.JPEG,1
002193.JPEG,15
000491.JPEG,18
000031.JPEG,13
000856.JPEG,11
002331.JPEG,20
000307.JPEG,20
002753.JPEG,0
003276.JPEG,3
002960.JPEG,8
001127.JPEG,20
004439.JPEG,17
005165.JPEG,5
005179.JPEG,19
003838.JPEG,5
002822.JPEG,20
001038.JPEG,5
001639.JPEG,8
004980.JPEG,9
002140.JPEG,3
001297.JPEG,2
000214.JPEG,14
000727.JPEG,20
004200.JPEG,9
000294.JPEG,11
002746.JPEG,8
002604.JPEG,7
001440.JPEG,0
005026.JPEG,17
000903.JPEG,10
000033.JPEG,1
001022.JPEG,11
001984.JPEG,17
001046.JPEG,11
002712.JPEG,10
004132.JPEG,17
000625.JPEG,8
000811.JPEG,3
001073.JPEG,5
000709.JPEG,2
001665.JPEG,3
003932.JPEG,11
003375.JPEG,19
001267.JPEG,3
000689.JPEG,8
004899.JPEG,10
002575.JPEG,10
001658.JPEG,10
003583.JPEG,8
003237.JPEG,17
003851.JPEG,3
000488.JPEG,2
004936.JPEG,15
001886.JPEG,12
001868.JPEG,9
000271.JPEG,5
004086.JPEG,7
004840.JPEG,9
002562.JPEG,15
002113.JPEG,1
003058.JPEG,5
002162.JPEG,11
000571.JPEG,10
002761.JPEG,12
001186.JPEG,1
004166.JPEG,11
005000.JPEG,11
000250.JPEG,8
002326.JPEG,15
003645.JPEG,14
002196.JPEG,20
004878.JPEG,13
003853.JPEG,12
003517.JPEG,18
003946.JPEG,2
002378.JPEG,10
003055.JPEG,14
003880.JPEG,12
002338.JPEG,6
001299.JPEG,13
000394.JPEG,10
005150.JPEG,15
003795.JPEG,0
005016.JPEG,12
004727.JPEG,11
002555.JPEG,19
004622.JPEG,9
001626.JPEG,17
001397.JPEG,15
003585.JPEG,11
002815.JPEG,19
003637.JPEG,3
004031.JPEG,16
004730.JPEG,20
004279.JPEG,4
001764.JPEG,2
000096.JPEG,0
001565.JPEG,5
001631.JPEG,11
003906.JPEG,15
001549.JPEG,7
000550.JPEG,12
004879.JPEG,17
000681.JPEG,14
002899.JPEG,6
003371.JPEG,6
000356.JPEG,2
000608.JPEG,7
000196.JPEG,8
001451.JPEG,16
002675.JPEG,18
005217.JPEG,3
001328.JPEG,15
001050.JPEG,15
003779.JPEG,6
000673.JPEG,20
001802.JPEG,15
003676.JPEG,13
004597.JPEG,8
004595.JPEG,5
004241.JPEG,17
000756.JPEG,0
000065.JPEG,14
001209.JPEG,11
001454.JPEG,10
001392.JPEG,4
005066.JPEG,0
004199.JPEG,3
002701.JPEG,2
001879.JPEG,3
000318.JPEG,16
000221.JPEG,19
003661.JPEG,11
003128.JPEG,2
002040.JPEG,6
004047.JPEG,11
000750.JPEG,17
004892.JPEG,2
001077.JPEG,15
002628.JPEG,17
002637.JPEG,11
004333.JPEG,9
004798.JPEG,2
003692.JPEG,18
003068.JPEG,6
003688.JPEG,9
004722.JPEG,15
005108.JPEG,19
004901.JPEG,4
000749.JPEG,3
005177.JPEG,19
000228.JPEG,13
000014.JPEG,14
005114.JPEG,0
000281.JPEG,5
003076.JPEG,16
001429.JPEG,8
001122.JPEG,0
002880.JPEG,6
000696.JPEG,2
004177.JPEG,11
003516.JPEG,10
002502.JPEG,15
005083.JPEG,18
002725.JPEG,7
003274.JPEG,9
002128.JPEG,9
003782.JPEG,5
000252.JPEG,18
001786.JPEG,20
001501.JPEG,6
004401.JPEG,13
002718.JPEG,17
002785.JPEG,13
003780.JPEG,20
005138.JPEG,18
000319.JPEG,8
004340.JPEG,13
003388.JPEG,14
000362.JPEG,11
005162.JPEG,20
004895.JPEG,16
002283.JPEG,8
002945.JPEG,7
003369.JPEG,3
002261.JPEG,16
000723.JPEG,19
001761.JPEG,18
003949.JPEG,8
005045.JPEG,8
001048.JPEG,19
004009.JPEG,9
000755.JPEG,1
000801.JPEG,2
001498.JPEG,15
001040.JPEG,1
003185.JPEG,20
002046.JPEG,13
005194.JPEG,13
004135.JPEG,9
001475.JPEG,15
001265.JPEG,7
001164.JPEG,14
000499.JPEG,1
000182.JPEG,10
002088.JPEG,2
004909.JPEG,11
002258.JPEG,15
003667.JPEG,14
004119.JPEG,11
002954.JPEG,1
004667.JPEG,2
004997.JPEG,20
002641.JPEG,5
001905.JPEG,11
004978.JPEG,17
001123.JPEG,14
003922.JPEG,14
000609.JPEG,5
001103.JPEG,10
001229.JPEG,2
001753.JPEG,11
002750.JPEG,8
005193.JPEG,12
003953.JPEG,3
003695.JPEG,11
002095.JPEG,11
003652.JPEG,0
001964.JPEG,15
004484.JPEG,0
004857.JPEG,20
003871.JPEG,17
004194.JPEG,14
002266.JPEG,18
001557.JPEG,3
000881.JPEG,10
002006.JPEG,11
001251.JPEG,7
003685.JPEG,17
004175.JPEG,15
001927.JPEG,12
000192.JPEG,2
004360.JPEG,13
003959.JPEG,12
002813.JPEG,8
000934.JPEG,3
004305.JPEG,1
002059.JPEG,7
001630.JPEG,12
001677.JPEG,6
004704.JPEG,12
004911.JPEG,3
001746.JPEG,10
003639.JPEG,2
000392.JPEG,18
001991.JPEG,17
003243.JPEG,1
002379.JPEG,11
002142.JPEG,19
000403.JPEG,13
004301.JPEG,6
002106.JPEG,3
004510.JPEG,1
000628.JPEG,10
004424.JPEG,2
002565.JPEG,4
003044.JPEG,19
004670.JPEG,20
001933.JPEG,0
002053.JPEG,0
000812.JPEG,6
001710.JPEG,11
003310.JPEG,11
002027.JPEG,9
001788.JPEG,16
004768.JPEG,18
005040.JPEG,3
001738.JPEG,17
003985.JPEG,8
005100.JPEG,3
003440.JPEG,5
000195.JPEG,14
003158.JPEG,18
004633.JPEG,0
000103.JPEG,16
000206.JPEG,18
004002.JPEG,11
002864.JPEG,1
001020.JPEG,9
005212.JPEG,6
004579.JPEG,16
001154.JPEG,11
004354.JPEG,19
001359.JPEG,2
003972.JPEG,1
000959.JPEG,14
001920.JPEG,7
002654.JPEG,4
002801.JPEG,5
002457.JPEG,6
004390.JPEG,0
003734.JPEG,5
002500.JPEG,1
001910.JPEG,20
000661.JPEG,0
003148.JPEG,10
001785.JPEG,6
000665.JPEG,1
001783.JPEG,6
004425.JPEG,19
001434.JPEG,13
005038.JPEG,16
002028.JPEG,15
004115.JPEG,0
001696.JPEG,1
002376.JPEG,11
000790.JPEG,16
000193.JPEG,20
003686.JPEG,4
004751.JPEG,9
002228.JPEG,5
001741.JPEG,11
005065.JPEG,6
002625.JPEG,19
003049.JPEG,10
002645.JPEG,11
000225.JPEG,9
004993.JPEG,2
003883.JPEG,14
003318.JPEG,5
002779.JPEG,14
000633.JPEG,0
001663.JPEG,11
004245.JPEG,11
000644.JPEG,1
002169.JPEG,6
000554.JPEG,9
000375.JPEG,1
004731.JPEG,18
004561.JPEG,9
003522.JPEG,13
003813.JPEG,8
004418.JPEG,10
004500.JPEG,4
003139.JPEG,4
000433.JPEG,5
000599.JPEG,7
002206.JPEG,3
001169.JPEG,3
000007.JPEG,14
002471.JPEG,4
000891.JPEG,6
003924.JPEG,1
003409.JPEG,11
002354.JPEG,15
004326.JPEG,16
004805.JPEG,2
000658.JPEG,15
002054.JPEG,5
003757.JPEG,9
001736.JPEG,15
004625.JPEG,17
002318.JPEG,17
004573.JPEG,11
003532.JPEG,8
001646.JPEG,18
000442.JPEG,7
003499.JPEG,17
001603.JPEG,8
004785.JPEG,2
004644.JPEG,9
000339.JPEG,8
001039.JPEG,7
000960.JPEG,11
002371.JPEG,11
004527.JPEG,20
000971.JPEG,10
004562.JPEG,12
001847.JPEG,14
001863.JPEG,5
001210.JPEG,20
004450.JPEG,1
001059.JPEG,13
004091.JPEG,17
000589.JPEG,11
000831.JPEG,15
002860.JPEG,14
002590.JPEG,1
000409.JPEG,2
003533.JPEG,0
004300.JPEG,0
002867.JPEG,20
002366.JPEG,6
000621.JPEG,20
000311.JPEG,3
004380.JPEG,7
000435.JPEG,5
003869.JPEG,20
001228.JPEG,11
003056.JPEG,19
004348.JPEG,6
002804.JPEG,8
001028.JPEG,15
000527.JPEG,14
001443.JPEG,0
002304.JPEG,20
004519.JPEG,20
001919.JPEG,8
001844.JPEG,20
003402.JPEG,8
002301.JPEG,0
000232.JPEG,13
001310.JPEG,5
002772.JPEG,13
004847.JPEG,3
004956.JPEG,9
002413.JPEG,5
002152.JPEG,7
002445.JPEG,18
000153.JPEG,10
003474.JPEG,12
004669.JPEG,9
001266.JPEG,0
002561.JPEG,15
004486.JPEG,5
004860.JPEG,12
003077.JPEG,5
001695.JPEG,14
001911.JPEG,1
001671.JPEG,20
004136.JPEG,3
003188.JPEG,11
003085.JPEG,20
004898.JPEG,18
002062.JPEG,7
000900.JPEG,4
003094.JPEG,9
004943.JPEG,11
002969.JPEG,9
003868.JPEG,17
002124.JPEG,9
002824.JPEG,19
004072.JPEG,16
005196.JPEG,11
004462.JPEG,11
005024.JPEG,5
000305.JPEG,12
000502.JPEG,5
003223.JPEG,11
002250.JPEG,2
002339.JPEG,11
003968.JPEG,6
005240.JPEG,13
002393.JPEG,17
003480.JPEG,15
000338.JPEG,14
000593.JPEG,0
000500.JPEG,1
004707.JPEG,3
003291.JPEG,1
000287.JPEG,9
004520.JPEG,19
004052.JPEG,9
001488.JPEG,20
003001.JPEG,2
004885.JPEG,19
002708.JPEG,17
002594.JPEG,13
004886.JPEG,13
001998.JPEG,11
003462.JPEG,11
000463.JPEG,14
001089.JPEG,4
003181.JPEG,19
003991.JPEG,11
005070.JPEG,7
001953.JPEG,20
000401.JPEG,20
004270.JPEG,20
001447.JPEG,19
002168.JPEG,1
003626.JPEG,9
003069.JPEG,15
003247.JPEG,14
001795.JPEG,4
004433.JPEG,0
002328.JPEG,9
000470.JPEG,19
003785.JPEG,16
001018.JPEG,13
001161.JPEG,11
001273.JPEG,0
001041.JPEG,11
004849.JPEG,5
003008.JPEG,0
000019.JPEG,14
002375.JPEG,17
001455.JPEG,11
003450.JPEG,11
002237.JPEG,1
002849.JPEG,0
001274.JPEG,6
002663.JPEG,6
003088.JPEG,0
004567.JPEG,11
002917.JPEG,5
004775.JPEG,0
004381.JPEG,11
002034.JPEG,0
002329.JPEG,4
002640.JPEG,5
001414.JPEG,4
000098.JPEG,17
005248.JPEG,19
001360.JPEG,10
002442.JPEG,14
003599.JPEG,0
000916.JPEG,14
004375.JPEG,11
004162.JPEG,20
003444.JPEG,9
002207.JPEG,19
004821.JPEG,5
002906.JPEG,5
003009.JPEG,9
000122.JPEG,15
002787.JPEG,11
002907.JPEG,3
003272.JPEG,6
000906.JPEG,9
004963.JPEG,5
001330.JPEG,7
000867.JPEG,6
001263.JPEG,11
003998.JPEG,1
002771.JPEG,18
001884.JPEG,3
004949.JPEG,10
001792.JPEG,19
004252.JPEG,12
004472.JPEG,14
001309.JPEG,0
003228.JPEG,2
002334.JPEG,0
002817.JPEG,9
001128.JPEG,6
004435.JPEG,9
000800.JPEG,14
002068.JPEG,11
003615.JPEG,16
002843.JPEG,9
000940.JPEG,17
004059.JPEG,9
001407.JPEG,19
003404.JPEG,5
004799.JPEG,19
004760.JPEG,8
002229.JPEG,12
004415.JPEG,6
001982.JPEG,12
004269.JPEG,1
003236.JPEG,9
002740.JPEG,3
004013.JPEG,9
004659.JPEG,8
001430.JPEG,12
003684.JPEG,20
000251.JPEG,13
004453.JPEG,6
002389.JPEG,0
001489.JPEG,14
000518.JPEG,6
001208.JPEG,12
002380.JPEG,14
002926.JPEG,19
002400.JPEG,5
000586.JPEG,15
004182.JPEG,8
000601.JPEG,5
003663.JPEG,13
003897.JPEG,1
003927.JPEG,6
000284.JPEG,15
003252.JPEG,9
003764.JPEG,3
002086.JPEG,8
002995.JPEG,15
001512.JPEG,9
003926.JPEG,1
000279.JPEG,11
002082.JPEG,7
001024.JPEG,19
003481.JPEG,19
000070.JPEG,0
003823.JPEG,9
000861.JPEG,1
001444.JPEG,4
004417.JPEG,5
003250.JPEG,5
003005.JPEG,6
002032.JPEG,17
004357.JPEG,10
000860.JPEG,11
004518.JPEG,8
000460.JPEG,14
003546.JPEG,16
000926.JPEG,1
000351.JPEG,4
002424.JPEG,5
000109.JPEG,1
001321.JPEG,14
004329.JPEG,5
000647.JPEG,13
002208.JPEG,11
000851.JPEG,18
004922.JPEG,17
002240.JPEG,20
002144.JPEG,9
005136.JPEG,16
002073.JPEG,18
001569.JPEG,9
003349.JPEG,9
004654.JPEG,19
000846.JPEG,4
004191.JPEG,18
000407.JPEG,3
005080.JPEG,17
002209.JPEG,19
004385.JPEG,19
002230.JPEG,20
002795.JPEG,12
003010.JPEG,20
000731.JPEG,13
003994.JPEG,9
000126.JPEG,6
004683.JPEG,15
003456.JPEG,7
004273.JPEG,12
001650.JPEG,20
004011.JPEG,11
000937.JPEG,14
001623.JPEG,9
004769.JPEG,3
002024.JPEG,15
001890.JPEG,19
000646.JPEG,15
003993.JPEG,5
000956.JPEG,19
004719.JPEG,1
000579.JPEG,17
004888.JPEG,6
004274.JPEG,9
005008.JPEG,11
000052.JPEG,7
004729.JPEG,13
004054.JPEG,9
000604.JPEG,8
004957.JPEG,13
004076.JPEG,2
003691.JPEG,7
000365.JPEG,6
000915.JPEG,9
002688.JPEG,14
000047.JPEG,19
004929.JPEG,8
000928.JPEG,13
001052.JPEG,3
001249.JPEG,19
002383.JPEG,6
000841.JPEG,1
001080.JPEG,20
000582.JPEG,4
002035.JPEG,1
001464.JPEG,6
000555.JPEG,17
000654.JPEG,15
004874.JPEG,6
000715.JPEG,6
004029.JPEG,13
003197.JPEG,13
000722.JPEG,14
001138.JPEG,6
004378.JPEG,3
000545.JPEG,8
003033.JPEG,1
000594.JPEG,5
005077.JPEG,16
003383.JPEG,3
003939.JPEG,11
001986.JPEG,17
000883.JPEG,1
004211.JPEG,8
003496.JPEG,12
002693.JPEG,19
003385.JPEG,15
002607.JPEG,14
000093.JPEG,11
002861.JPEG,10
002602.JPEG,12
003895.JPEG,1
000804.JPEG,11
003489.JPEG,4
003041.JPEG,11
004609.JPEG,9
004195.JPEG,16
001470.JPEG,3
002439.JPEG,15
000263.JPEG,1
003449.JPEG,9
003735.JPEG,3
004744.JPEG,20
002557.JPEG,14
002245.JPEG,2
003576.JPEG,5
000487.JPEG,10
004474.JPEG,20
003413.JPEG,20
004680.JPEG,1
001566.JPEG,20
004778.JPEG,1
002220.JPEG,16
003173.JPEG,9
001031.JPEG,9
001790.JPEG,16
001428.JPEG,2
005017.JPEG,9
003095.JPEG,2
002578.JPEG,17
000444.JPEG,18
002975.JPEG,2
002365.JPEG,3
001883.JPEG,7
000336.JPEG,20
004341.JPEG,9
004120.JPEG,20
002788.JPEG,8
002814.JPEG,14
003132.JPEG,1
003301.JPEG,11
003032.JPEG,7
004230.JPEG,17
001476.JPEG,4
001075.JPEG,11
000006.JPEG,12
003621.JPEG,20
004228.JPEG,6
004564.JPEG,4
000664.JPEG,15
000079.JPEG,10
004271.JPEG,0
002475.JPEG,16
002395.JPEG,20
001624.JPEG,0
001379.JPEG,4
001349.JPEG,5
004351.JPEG,11
004074.JPEG,20
004998.JPEG,3
000101.JPEG,13
005067.JPEG,15
003198.JPEG,19
002287.JPEG,20
002751.JPEG,17
002617.JPEG,11
001924.JPEG,1
001638.JPEG,9
000286.JPEG,9
004796.JPEG,20
001422.JPEG,6
001491.JPEG,11
003118.JPEG,14
005241.JPEG,2
000974.JPEG,11
004001.JPEG,12
004682.JPEG,14
001946.JPEG,11
002706.JPEG,15
004858.JPEG,14
003819.JPEG,10
000413.JPEG,13
000778.JPEG,16
002760.JPEG,1
002737.JPEG,19
001579.JPEG,14
001340.JPEG,11
004148.JPEG,20
002749.JPEG,1
003482.JPEG,17
005225.JPEG,1
002545.JPEG,0
000017.JPEG,15
002965.JPEG,5
003527.JPEG,5
000854.JPEG,11
002525.JPEG,12
000467.JPEG,12
003437.JPEG,3
004891.JPEG,0
001590.JPEG,6
000927.JPEG,13
003364.JPEG,7
004441.JPEG,13
000235.JPEG,11
001068.JPEG,9
001252.JPEG,7
003625.JPEG,15
003341.JPEG,19
001432.JPEG,11
002071.JPEG,9
004650.JPEG,15
003812.JPEG,4
004850.JPEG,17
000531.JPEG,11
005213.JPEG,13
001468.JPEG,16
000477.JPEG,10
005175.JPEG,12
004331.JPEG,11
002254.JPEG,17
001561.JPEG,2
002355.JPEG,1
002909.JPEG,14
001521.JPEG,8
001159.JPEG,6
000560.JPEG,17
001342.JPEG,20
003878.JPEG,0
005091.JPEG,14
001496.JPEG,13
003380.JPEG,20
004665.JPEG,13
005164.JPEG,14
001415.JPEG,11
003628.JPEG,15
000616.JPEG,3
001065.JPEG,13
004398.JPEG,9
004666.JPEG,18
002680.JPEG,3
001634.JPEG,18
001947.JPEG,19
002831.JPEG,2
002420.JPEG,6
004160.JPEG,12
001904.JPEG,2
001724.JPEG,15
003038.JPEG,1
002752.JPEG,3
001729.JPEG,11
004032.JPEG,2
004049.JPEG,17
003799.JPEG,14
000838.JPEG,16
004951.JPEG,8
003022.JPEG,14
000359.JPEG,1
003580.JPEG,2
004566.JPEG,11
001632.JPEG,20
003817.JPEG,6
002180.JPEG,15
005069.JPEG,13
000511.JPEG,4
002862.JPEG,1
004107.JPEG,9
003066.JPEG,18
003596.JPEG,13
004005.JPEG,13
003167.JPEG,14
004613.JPEG,12
003531.JPEG,7
005093.JPEG,11
002946.JPEG,18
001319.JPEG,10
002408.JPEG,2
003155.JPEG,0
004995.JPEG,13
000559.JPEG,14
000997.JPEG,12
002259.JPEG,16
004325.JPEG,8
004411.JPEG,12
002290.JPEG,9
004125.JPEG,11
003265.JPEG,11
000412.JPEG,11
004234.JPEG,3
003712.JPEG,19
004954.JPEG,3
000105.JPEG,10
004585.JPEG,9
001125.JPEG,1
004524.JPEG,6
000325.JPEG,5
001694.JPEG,2
000216.JPEG,0
003977.JPEG,2
001912.JPEG,18
004352.JPEG,1
004859.JPEG,1
003774.JPEG,16
002411.JPEG,9
003214.JPEG,15
000592.JPEG,4
000024.JPEG,17
000965.JPEG,18
004601.JPEG,0
002151.JPEG,5
004481.JPEG,10
002993.JPEG,11
002724.JPEG,8
002092.JPEG,20
001394.JPEG,14
000779.JPEG,1
003500.JPEG,2
001193.JPEG,18
000551.JPEG,4
002069.JPEG,9
002841.JPEG,10
000710.JPEG,13
004286.JPEG,14
004313.JPEG,12
004044.JPEG,6
001679.JPEG,0
003293.JPEG,16
004369.JPEG,13
002170.JPEG,4
004569.JPEG,3
003471.JPEG,6
002461.JPEG,2
000423.JPEG,0
003594.JPEG,6
002543.JPEG,14
002307.JPEG,7
003941.JPEG,1
003811.JPEG,9
004578.JPEG,18
002114.JPEG,12
003966.JPEG,4
004711.JPEG,11
001298.JPEG,20
001367.JPEG,19
005222.JPEG,1
000574.JPEG,8
002223.JPEG,16
000622.JPEG,1
002908.JPEG,20
001684.JPEG,19
004088.JPEG,12
004019.JPEG,20
004925.JPEG,2
002551.JPEG,14
003760.JPEG,2
004317.JPEG,19
001244.JPEG,9
004491.JPEG,20
001818.JPEG,8
000969.JPEG,4
000020.JPEG,14
002416.JPEG,10
000260.JPEG,16
004908.JPEG,13
003928.JPEG,10
002308.JPEG,5
004496.JPEG,3
001030.JPEG,18
000078.JPEG,8
001716.JPEG,19
000732.JPEG,6
003581.JPEG,14
003003.JPEG,14
002821.JPEG,14
003847.JPEG,9
004069.JPEG,19
000990.JPEG,4
001287.JPEG,2
000134.JPEG,1
001608.JPEG,1
000141.JPEG,20
005003.JPEG,17
002025.JPEG,15
000278.JPEG,3
002314.JPEG,0
003916.JPEG,11
002868.JPEG,15
000966.JPEG,1
002063.JPEG,4
000152.JPEG,18
002456.JPEG,15
004672.JPEG,5
002485.JPEG,8
004550.JPEG,19
002447.JPEG,6
000739.JPEG,1
004232.JPEG,9
002217.JPEG,17
002409.JPEG,1
002518.JPEG,1
000107.JPEG,14
004216.JPEG,15
001824.JPEG,10
001681.JPEG,15
003358.JPEG,7
004322.JPEG,3
002377.JPEG,19
003326.JPEG,3
005103.JPEG,12
003447.JPEG,11
000147.JPEG,11
001979.JPEG,11
002711.JPEG,11
003955.JPEG,11
004695.JPEG,8
002104.JPEG,4
005147.JPEG,4
004223.JPEG,19
002505.JPEG,8
001064.JPEG,14
001182.JPEG,5
002352.JPEG,0
004488.JPEG,13
002184.JPEG,16
000767.JPEG,8
002198.JPEG,1
001587.JPEG,0
003571.JPEG,20
004762.JPEG,7
002698.JPEG,1
000008.JPEG,4
001497.JPEG,18
004795.JPEG,7
004987.JPEG,8
000036.JPEG,11
000509.JPEG,11
004221.JPEG,7
000249.JPEG,10
000882.JPEG,18
003483.JPEG,20
004621.JPEG,0
000490.JPEG,9
001294.JPEG,17
005236.JPEG,11
003207.JPEG,7
002610.JPEG,4
002802.JPEG,19
003127.JPEG,16
003176.JPEG,0
001769.JPEG,13
002835.JPEG,11
002033.JPEG,11
001117.JPEG,10
002072.JPEG,18
000668.JPEG,6
000905.JPEG,10
004117.JPEG,1
002566.JPEG,11
001004.JPEG,4
002091.JPEG,13
004515.JPEG,3
003845.JPEG,6
003089.JPEG,14
001388.JPEG,8
002716.JPEG,15
003905.JPEG,9
003655.JPEG,15
002285.JPEG,4
003733.JPEG,15
001903.JPEG,1
001941.JPEG,0
001742.JPEG,5
002959.JPEG,12
002248.JPEG,19
003623.JPEG,4
004014.JPEG,8
003244.JPEG,14
001839.JPEG,0
001078.JPEG,12
002214.JPEG,14
002730.JPEG,0
001140.JPEG,14
002865.JPEG,9
002847.JPEG,7
004030.JPEG,17
000515.JPEG,9
001727.JPEG,13
001133.JPEG,14
001838.JPEG,7
004607.JPEG,7
002012.JPEG,13
000116.JPEG,8
004842.JPEG,11
002090.JPEG,13
004804.JPEG,13
002096.JPEG,18
003806.JPEG,9
004838.JPEG,3
003505.JPEG,13
005143.JPEG,20
000285.JPEG,7
000826.JPEG,9
002272.JPEG,14
003709.JPEG,19
003976.JPEG,13
000346.JPEG,13
003503.JPEG,6
004852.JPEG,1
002983.JPEG,10
000513.JPEG,17
001185.JPEG,8
005206.JPEG,5
001144.JPEG,9
004295.JPEG,5
000981.JPEG,8
000505.JPEG,15
005058.JPEG,3
005173.JPEG,20
000674.JPEG,5
004004.JPEG,7
003000.JPEG,0
005009.JPEG,16
004103.JPEG,18
004240.JPEG,16
000530.JPEG,20
002682.JPEG,17
003374.JPEG,9
002160.JPEG,0
003729.JPEG,12
004839.JPEG,5
002587.JPEG,0
003773.JPEG,8
002784.JPEG,14
001347.JPEG,2
004890.JPEG,20
001906.JPEG,14
000058.JPEG,14
002648.JPEG,20
003896.JPEG,20
000149.JPEG,7
005034.JPEG,5
002503.JPEG,5
002064.JPEG,1
003715.JPEG,1
004512.JPEG,9
004163.JPEG,11
002117.JPEG,9
002962.JPEG,15
000874.JPEG,18
003540.JPEG,8
000288.JPEG,17
005068.JPEG,12
000803.JPEG,9
002859.JPEG,4
002738.JPEG,17
001009.JPEG,6
001124.JPEG,13
005118.JPEG,0
003825.JPEG,1
003490.JPEG,13
005204.JPEG,20
003902.JPEG,20
003689.JPEG,15
000415.JPEG,7
002592.JPEG,14
002189.JPEG,16
004948.JPEG,0
001269.JPEG,20
002182.JPEG,13
000201.JPEG,5
000370.JPEG,11
003308.JPEG,20
002421.JPEG,7
000706.JPEG,15
004144.JPEG,10
002235.JPEG,17
000796.JPEG,8
000086.JPEG,11
001706.JPEG,18
001204.JPEG,19
002427.JPEG,11
000267.JPEG,9
005181.JPEG,1
001815.JPEG,20
002809.JPEG,11
004129.JPEG,17
002949.JPEG,1
000043.JPEG,14
002658.JPEG,17
001202.JPEG,9
004582.JPEG,18
005163.JPEG,19
002720.JPEG,11
003832.JPEG,12
002110.JPEG,7
001431.JPEG,9
003209.JPEG,11
005060.JPEG,10
001538.JPEG,3
002608.JPEG,7
003577.JPEG,7
001107.JPEG,1
001177.JPEG,11
005190.JPEG,0
003382.JPEG,12
000849.JPEG,12
002573.JPEG,16
004645.JPEG,3
004639.JPEG,20
005159.JPEG,4
005073.JPEG,18
003021.JPEG,7
003713.JPEG,11
002470.JPEG,14
003659.JPEG,14
004020.JPEG,15
004235.JPEG,20
000301.JPEG,2
003145.JPEG,0
005088.JPEG,10
001091.JPEG,18
001338.JPEG,1
001280.JPEG,14
001433.JPEG,6
003423.JPEG,11
004485.JPEG,16
001612.JPEG,9
000734.JPEG,9
002935.JPEG,14
003874.JPEG,10
002451.JPEG,3
003350.JPEG,15
002655.JPEG,20
004028.JPEG,10
000712.JPEG,20
003039.JPEG,14
004970.JPEG,11
003090.JPEG,17
001171.JPEG,15
003794.JPEG,16
003631.JPEG,4
001250.JPEG,10
000541.JPEG,9
004522.JPEG,7
003690.JPEG,17
000191.JPEG,20
004691.JPEG,6
003787.JPEG,20
002202.JPEG,8
000299.JPEG,16
004328.JPEG,3
000210.JPEG,14
004641.JPEG,16
004289.JPEG,15
004323.JPEG,4
001774.JPEG,8
003831.JPEG,2
002077.JPEG,2
001500.JPEG,14
000657.JPEG,13
002781.JPEG,15
000896.JPEG,9
000543.JPEG,10
004438.JPEG,16
002179.JPEG,13
004572.JPEG,1
002524.JPEG,1
002530.JPEG,13
004889.JPEG,20
003192.JPEG,13
000009.JPEG,17
004412.JPEG,5
004896.JPEG,20
004673.JPEG,17
000822.JPEG,18
005153.JPEG,7
005115.JPEG,12
003962.JPEG,1
000923.JPEG,2
000605.JPEG,11
002390.JPEG,15
004349.JPEG,7
003328.JPEG,13
001885.JPEG,6
004389.JPEG,7
000309.JPEG,13
003202.JPEG,17
001921.JPEG,8
000035.JPEG,19
000845.JPEG,16
004238.JPEG,0
004535.JPEG,5
004112.JPEG,6
000176.JPEG,19
000166.JPEG,20
001782.JPEG,0
000313.JPEG,4
002321.JPEG,7
004335.JPEG,7
004100.JPEG,4
000817.JPEG,18
005028.JPEG,6
001756.JPEG,8
005129.JPEG,9
003458.JPEG,7
000264.JPEG,2
002582.JPEG,20
003314.JPEG,6
005049.JPEG,19
003071.JPEG,19
003234.JPEG,4
004753.JPEG,11
002877.JPEG,8
004868.JPEG,12
002197.JPEG,13
002020.JPEG,1
001412.JPEG,4
004816.JPEG,11
005235.JPEG,15
001765.JPEG,17
002368.JPEG,18
002620.JPEG,14
003772.JPEG,13
003042.JPEG,14
003547.JPEG,15
004159.JPEG,20
003204.JPEG,14
000964.JPEG,14
004284.JPEG,13
003982.JPEG,7
001992.JPEG,11
004346.JPEG,11
002571.JPEG,14
000471.JPEG,4
000597.JPEG,2
000354.JPEG,13
002486.JPEG,12
000243.JPEG,11
003756.JPEG,10
004110.JPEG,11
004624.JPEG,15
000843.JPEG,11
003104.JPEG,17
003295.JPEG,11
001057.JPEG,1
003495.JPEG,18
001720.JPEG,18
000680.JPEG,20
004687.JPEG,6
000962.JPEG,12
002923.JPEG,2
001776.JPEG,2
003630.JPEG,14
002976.JPEG,9
004938.JPEG,7
001875.JPEG,7
004259.JPEG,19
001867.JPEG,0
004776.JPEG,12
004126.JPEG,0
002863.JPEG,15
002879.JPEG,20
000528.JPEG,2
003387.JPEG,0
000690.JPEG,16
004976.JPEG,15
003504.JPEG,20
001814.JPEG,1
002762.JPEG,14
001196.JPEG,6
004290.JPEG,5
001224.JPEG,0
002649.JPEG,9
001456.JPEG,15
004041.JPEG,9
002601.JPEG,11
000282.JPEG,20
004366.JPEG,2
003109.JPEG,11
003746.JPEG,14
003609.JPEG,0
002022.JPEG,6
004180.JPEG,20
001807.JPEG,0
002397.JPEG,17
001618.JPEG,13
001683.JPEG,0
001066.JPEG,5
002423.JPEG,15
000125.JPEG,4
001922.JPEG,1
004476.JPEG,13
002102.JPEG,11
002984.JPEG,4
004483.JPEG,6
001531.JPEG,18
004903.JPEG,20
000131.JPEG,1
004499.JPEG,5
002172.JPEG,8
005168.JPEG,6
002155.JPEG,18
002823.JPEG,5
002291.JPEG,11
001439.JPEG,4
004692.JPEG,1
003904.JPEG,5
001494.JPEG,6
003573.JPEG,3
001189.JPEG,7
002275.JPEG,0
003999.JPEG,14
003718.JPEG,9
003484.JPEG,2
000985.JPEG,13
004250.JPEG,16
003051.JPEG,14
001689.JPEG,3
004947.JPEG,6
000381.JPEG,4
001555.JPEG,13
001977.JPEG,19
001888.JPEG,9
002190.JPEG,0
003891.JPEG,2
003065.JPEG,13
001243.JPEG,11
004480.JPEG,0
004363.JPEG,3
004832.JPEG,14
001114.JPEG,3
004143.JPEG,20
001352.JPEG,6
000736.JPEG,12
001535.JPEG,3
000018.JPEG,17
001832.JPEG,3
003353.JPEG,11
002778.JPEG,1
003253.JPEG,14
004685.JPEG,1
003945.JPEG,3
003694.JPEG,9
003476.JPEG,14
002404.JPEG,11
004188.JPEG,15
002387.JPEG,19
002265.JPEG,19
000735.JPEG,1
003119.JPEG,9
003103.JPEG,0
001857.JPEG,12
002398.JPEG,8
003396.JPEG,4
001784.JPEG,11
000818.JPEG,13
004560.JPEG,2
004830.JPEG,20
004883.JPEG,17
002212.JPEG,12
003080.JPEG,7
004226.JPEG,15
002045.JPEG,6
003938.JPEG,14
002119.JPEG,2
003603.JPEG,20
004523.JPEG,20
002600.JPEG,20
002754.JPEG,9
001220.JPEG,13
001155.JPEG,14
001913.JPEG,13
003233.JPEG,1
004501.JPEG,9
004172.JPEG,1
002878.JPEG,5
003545.JPEG,16
003424.JPEG,14
000675.JPEG,15
003632.JPEG,11
003593.JPEG,6
000452.JPEG,19
004635.JPEG,15
002016.JPEG,19
003682.JPEG,18
003307.JPEG,5
000834.JPEG,4
003333.JPEG,2
002890.JPEG,12
004083.JPEG,12
000776.JPEG,0
000135.JPEG,15
003477.JPEG,9
001168.JPEG,11
002050.JPEG,16
004910.JPEG,5
004490.JPEG,8
003435.JPEG,0
001132.JPEG,11
000361.JPEG,20
002044.JPEG,13
003680.JPEG,18
001586.JPEG,14
000272.JPEG,18
000556.JPEG,15
001436.JPEG,18
004781.JPEG,11
002127.JPEG,0
001644.JPEG,7
001973.JPEG,8
002933.JPEG,2
004263.JPEG,4
000631.JPEG,14
004310.JPEG,1
005230.JPEG,16
001900.JPEG,16
001770.JPEG,17
000510.JPEG,11
003052.JPEG,12
000653.JPEG,7
001141.JPEG,3
002705.JPEG,19
001402.JPEG,4
001816.JPEG,11
001101.JPEG,2
001239.JPEG,18
001614.JPEG,13
001749.JPEG,10
004715.JPEG,5
000023.JPEG,8
004342.JPEG,8
002243.JPEG,9
002116.JPEG,0
002435.JPEG,7
001999.JPEG,20
001021.JPEG,18
003160.JPEG,1
002556.JPEG,14
004489.JPEG,4
004968.JPEG,20
004552.JPEG,19
003702.JPEG,13
004089.JPEG,11
003467.JPEG,0
003284.JPEG,4
005151.JPEG,14
001712.JPEG,0
000630.JPEG,20
004766.JPEG,20
001850.JPEG,17
003822.JPEG,2
003738.JPEG,19
003578.JPEG,7
002828.JPEG,1
004402.JPEG,2
003074.JPEG,1
004137.JPEG,4
003539.JPEG,9
002874.JPEG,11
000984.JPEG,13
002569.JPEG,2
002695.JPEG,7
000456.JPEG,18
001740.JPEG,17
003338.JPEG,11
002921.JPEG,3
002356.JPEG,15
000619.JPEG,14
000924.JPEG,1
001971.JPEG,7
001730.JPEG,17
002970.JPEG,19
003763.JPEG,19
000220.JPEG,1
003748.JPEG,7
004557.JPEG,1
000907.JPEG,19
001053.JPEG,14
001423.JPEG,18
001944.JPEG,12
004039.JPEG,18
005106.JPEG,3
001358.JPEG,11
004600.JPEG,13
001401.JPEG,5
002513.JPEG,9
000411.JPEG,1
005202.JPEG,1
004988.JPEG,6
002644.JPEG,18
001872.JPEG,8
001058.JPEG,15
003451.JPEG,9
004926.JPEG,3
004771.JPEG,1
004538.JPEG,8
004497.JPEG,7
004282.JPEG,13
001469.JPEG,19
001317.JPEG,11
002428.JPEG,12
001226.JPEG,11
004186.JPEG,16
004408.JPEG,9
004618.JPEG,9
000158.JPEG,19
001653.JPEG,2
003867.JPEG,11
000938.JPEG,20
003093.JPEG,19
003059.JPEG,9
000746.JPEG,15
003886.JPEG,18
003865.JPEG,8
004507.JPEG,19
001859.JPEG,11
001928.JPEG,4
003971.JPEG,15
004502.JPEG,9
005186.JPEG,16
000995.JPEG,16
003417.JPEG,12
001409.JPEG,10
000650.JPEG,20
005112.JPEG,15
004225.JPEG,11
001179.JPEG,14
000701.JPEG,19
002638.JPEG,2
002432.JPEG,7
003309.JPEG,5
002955.JPEG,1
005189.JPEG,15
000766.JPEG,13
002627.JPEG,15
004710.JPEG,16
003418.JPEG,11
005214.JPEG,11
001467.JPEG,16
001463.JPEG,20
001666.JPEG,13
004396.JPEG,11
001791.JPEG,20
003072.JPEG,13
000578.JPEG,15
001513.JPEG,2
004551.JPEG,12
000922.JPEG,20
001686.JPEG,16
004218.JPEG,16
000806.JPEG,5
004801.JPEG,2
003073.JPEG,11
001027.JPEG,15
000242.JPEG,14
000955.JPEG,17
004530.JPEG,0
002422.JPEG,12
000842.JPEG,1
004915.JPEG,15
003952.JPEG,18
000140.JPEG,13
004440.JPEG,6
004184.JPEG,4
001918.JPEG,0
003054.JPEG,20
001344.JPEG,18
004869.JPEG,8
003141.JPEG,2
000951.JPEG,13
001852.JPEG,5
004604.JPEG,8
002897.JPEG,10
000132.JPEG,9
001163.JPEG,11
004437.JPEG,3
004728.JPEG,11
002647.JPEG,14
000274.JPEG,3
002548.JPEG,17
001225.JPEG,4
002854.JPEG,18
003846.JPEG,18
004265.JPEG,12
005092.JPEG,5
000639.JPEG,18
001766.JPEG,17
002105.JPEG,4
002857.JPEG,10
001172.JPEG,3
004123.JPEG,0
003788.JPEG,0
000084.JPEG,11
001702.JPEG,16
002773.JPEG,5
002233.JPEG,8
000324.JPEG,14
002341.JPEG,1
000868.JPEG,13
000073.JPEG,5
003987.JPEG,11
002961.JPEG,11
000590.JPEG,15
002135.JPEG,6
002523.JPEG,4
003151.JPEG,16
004344.JPEG,6
000685.JPEG,13
000427.JPEG,6
004037.JPEG,4
001806.JPEG,15
003727.JPEG,12
000967.JPEG,13
004281.JPEG,4
003147.JPEG,6
001616.JPEG,5
003035.JPEG,3
003840.JPEG,13
000699.JPEG,10
001747.JPEG,14
004314.JPEG,7
002919.JPEG,1
001437.JPEG,20
002901.JPEG,18
001195.JPEG,11
004897.JPEG,5
002382.JPEG,13
002876.JPEG,3
000414.JPEG,0
002299.JPEG,20
002269.JPEG,9
002934.JPEG,15
001486.JPEG,2
003281.JPEG,0
003810.JPEG,6
000244.JPEG,5
000478.JPEG,15
001303.JPEG,10
001275.JPEG,17
003771.JPEG,20
004434.JPEG,8
001882.JPEG,8
000917.JPEG,9
000878.JPEG,11
001840.JPEG,9
002903.JPEG,11
003331.JPEG,0
001304.JPEG,8
000977.JPEG,1
001291.JPEG,15
000632.JPEG,18
000623.JPEG,1
003359.JPEG,8
001246.JPEG,9
003525.JPEG,6
003316.JPEG,8
004276.JPEG,11
002221.JPEG,1
000839.JPEG,4
002271.JPEG,19
000495.JPEG,14
002789.JPEG,5
003963.JPEG,20
002786.JPEG,0
000396.JPEG,13
000871.JPEG,19
001238.JPEG,11
003226.JPEG,0
004071.JPEG,13
000421.JPEG,20
003914.JPEG,18
003740.JPEG,15
001894.JPEG,3
002669.JPEG,8
004454.JPEG,8
004022.JPEG,2
001306.JPEG,8
001940.JPEG,3
002930.JPEG,4
004546.JPEG,15
002213.JPEG,11
003574.JPEG,10
001398.JPEG,7
001387.JPEG,15
005188.JPEG,14
003693.JPEG,0
002572.JPEG,18
004759.JPEG,2
000576.JPEG,11
000371.JPEG,16
001836.JPEG,12
003376.JPEG,20
002686.JPEG,16
002406.JPEG,17
001533.JPEG,2
004406.JPEG,15
003910.JPEG,6
004674.JPEG,19
001568.JPEG,18
001421.JPEG,10
000719.JPEG,0
003486.JPEG,8
001713.JPEG,10
000978.JPEG,11
005234.JPEG,15
001305.JPEG,11
001648.JPEG,9
001962.JPEG,18
000459.JPEG,0
004350.JPEG,10
003803.JPEG,11
000844.JPEG,3
001405.JPEG,4
002153.JPEG,17
000523.JPEG,8
005076.JPEG,11
001660.JPEG,18
002403.JPEG,12
001843.JPEG,7
004426.JPEG,2
002515.JPEG,7
004463.JPEG,6
004077.JPEG,5
001935.JPEG,13
004984.JPEG,5
003984.JPEG,20
004655.JPEG,10
002418.JPEG,14
002713.JPEG,1
005174.JPEG,5
000129.JPEG,8
001748.JPEG,12
003662.JPEG,14
001597.JPEG,0
001337.JPEG,5
004479.JPEG,2
001395.JPEG,7
001767.JPEG,8
004222.JPEG,3
000138.JPEG,2
001485.JPEG,18
003606.JPEG,0
003026.JPEG,20
002699.JPEG,9
002614.JPEG,11
003102.JPEG,12
004636.JPEG,15
000935.JPEG,11
003370.JPEG,5
002232.JPEG,12
000825.JPEG,5
003286.JPEG,15
001934.JPEG,19
005102.JPEG,16
003671.JPEG,6
001003.JPEG,15
003730.JPEG,18
002156.JPEG,2
000449.JPEG,1
001162.JPEG,0
003433.JPEG,20
004158.JPEG,3
003809.JPEG,20
004475.JPEG,10
001778.JPEG,16
000111.JPEG,18
001536.JPEG,2
002683.JPEG,4
003980.JPEG,10
004809.JPEG,5
003854.JPEG,13
000163.JPEG,12
001034.JPEG,14
001381.JPEG,13
001188.JPEG,3
002866.JPEG,0
002623.JPEG,16
001709.JPEG,0
000730.JPEG,11
000941.JPEG,13
001411.JPEG,8
001285.JPEG,17
003166.JPEG,11
004487.JPEG,19
004010.JPEG,9
003965.JPEG,2
003722.JPEG,16
003721.JPEG,11
000428.JPEG,14
004559.JPEG,18
004589.JPEG,4
002460.JPEG,12
003442.JPEG,13
001950.JPEG,15
001722.JPEG,6
005142.JPEG,9
001725.JPEG,1
000503.JPEG,19
003942.JPEG,14
003879.JPEG,3
002260.JPEG,5
000483.JPEG,9
000697.JPEG,14
003304.JPEG,13
003108.JPEG,14
002583.JPEG,2
005097.JPEG,13
000059.JPEG,17
004121.JPEG,13
003113.JPEG,17
000520.JPEG,14
003363.JPEG,6
000159.JPEG,13
000939.JPEG,6
003957.JPEG,20
001197.JPEG,13
002667.JPEG,18
001509.JPEG,6
003422.JPEG,18
005082.JPEG,18
004183.JPEG,9
002538.JPEG,7
000080.JPEG,18
003288.JPEG,18
001237.JPEG,7
000533.JPEG,6
004835.JPEG,18
004646.JPEG,15
001472.JPEG,1
001606.JPEG,8
003067.JPEG,8
000418.JPEG,19
001191.JPEG,5
000548.JPEG,20
000743.JPEG,20
002534.JPEG,20
004575.JPEG,11
001403.JPEG,17
001925.JPEG,18
003189.JPEG,16
003893.JPEG,9
004387.JPEG,14
004093.JPEG,8
003992.JPEG,12
002118.JPEG,11
003670.JPEG,3
002149.JPEG,15
002747.JPEG,11
000441.JPEG,16
001945.JPEG,18
000461.JPEG,13
002974.JPEG,11
002810.JPEG,7
000914.JPEG,15
003064.JPEG,2
001026.JPEG,7
001860.JPEG,0
002685.JPEG,10
002915.JPEG,3
001582.JPEG,9
004165.JPEG,14
005027.JPEG,15
002078.JPEG,20
000369.JPEG,5
000326.JPEG,16
003766.JPEG,19
001373.JPEG,14
002966.JPEG,13
003043.JPEG,19
003579.JPEG,20
004724.JPEG,11
004465.JPEG,5
002986.JPEG,3
000316.JPEG,1
001556.JPEG,15
003180.JPEG,0
004720.JPEG,0
003572.JPEG,5
001264.JPEG,11
004202.JPEG,4
000437.JPEG,15
003699.JPEG,5
003650.JPEG,14
001589.JPEG,3
001441.JPEG,15
001988.JPEG,11
003011.JPEG,1
005013.JPEG,5
002402.JPEG,20
000678.JPEG,18
002330.JPEG,0
000529.JPEG,5
003725.JPEG,13
004448.JPEG,13
000482.JPEG,20
001514.JPEG,1
000876.JPEG,14
004161.JPEG,9
003084.JPEG,3
002492.JPEG,9
000618.JPEG,9
001544.JPEG,9
002579.JPEG,5
000146.JPEG,1
001005.JPEG,10
000813.JPEG,6
002348.JPEG,19
001010.JPEG,7
002297.JPEG,14
003584.JPEG,17
000261.JPEG,5
001726.JPEG,8
001707.JPEG,12
003827.JPEG,10
004733.JPEG,0
003411.JPEG,15
002619.JPEG,1
000420.JPEG,10
001084.JPEG,3
002999.JPEG,15
001008.JPEG,0
003144.JPEG,18
000501.JPEG,14
001530.JPEG,9
002964.JPEG,20
002704.JPEG,20
000180.JPEG,20
004941.JPEG,9
000568.JPEG,4
003434.JPEG,16
003105.JPEG,20
003761.JPEG,14
004504.JPEG,14
004928.JPEG,2
001780.JPEG,17
003457.JPEG,20
000793.JPEG,11
004675.JPEG,7
003731.JPEG,16
002745.JPEG,17
003232.JPEG,19
003552.JPEG,17
000034.JPEG,3
003754.JPEG,17
004173.JPEG,17
001572.JPEG,8
002357.JPEG,15
003199.JPEG,16
002977.JPEG,10
003459.JPEG,1
004871.JPEG,10
001277.JPEG,5
004827.JPEG,16
000145.JPEG,18
003820.JPEG,20
003171.JPEG,15
000637.JPEG,14
002715.JPEG,16
001809.JPEG,17
002292.JPEG,8
001564.JPEG,15
001248.JPEG,11
004548.JPEG,17
001855.JPEG,14
002811.JPEG,20
001751.JPEG,9
004419.JPEG,13
003134.JPEG,7
004966.JPEG,0
000142.JPEG,20
002112.JPEG,20
002913.JPEG,14
003313.JPEG,7
004823.JPEG,20
003908.JPEG,18
002369.JPEG,1
001331.JPEG,9
001426.JPEG,8
000177.JPEG,10
001951.JPEG,5
002396.JPEG,20
002833.JPEG,19
003716.JPEG,2
000973.JPEG,14
004217.JPEG,5
003323.JPEG,4
003610.JPEG,1
003230.JPEG,13
001119.JPEG,16
000120.JPEG,12
001801.JPEG,13
000300.JPEG,6
003513.JPEG,18
001828.JPEG,0
003322.JPEG,14
000591.JPEG,12
002664.JPEG,18
001542.JPEG,14
004725.JPEG,0
004131.JPEG,12
001438.JPEG,0
000942.JPEG,1
003429.JPEG,9
002807.JPEG,11
001822.JPEG,17
001957.JPEG,1
002273.JPEG,10
003566.JPEG,0
001596.JPEG,8
004588.JPEG,1
003273.JPEG,17
000991.JPEG,12
002499.JPEG,3
000770.JPEG,8
003538.JPEG,15
001842.JPEG,8
001121.JPEG,8
002009.JPEG,5
002631.JPEG,1
000397.JPEG,17
000123.JPEG,8
000247.JPEG,13
005249.JPEG,1
004176.JPEG,11
002672.JPEG,8
004292.JPEG,3
002940.JPEG,0
004404.JPEG,14
000069.JPEG,1
003299.JPEG,8
002186.JPEG,6
002896.JPEG,16
001967.JPEG,20
003681.JPEG,19
005035.JPEG,20
001173.JPEG,4
000211.JPEG,7
002790.JPEG,19
002511.JPEG,1
004920.JPEG,18
000379.JPEG,14
004811.JPEG,1
001045.JPEG,14
000656.JPEG,16
004336.JPEG,3
005161.JPEG,11
002437.JPEG,15
004637.JPEG,20
003836.JPEG,7
002015.JPEG,14
002734.JPEG,9
004075.JPEG,5
002125.JPEG,8
005041.JPEG,11
002612.JPEG,13
004042.JPEG,9
004610.JPEG,10
004536.JPEG,0
004627.JPEG,3
003315.JPEG,9
001866.JPEG,4
001113.JPEG,0
003860.JPEG,0
004649.JPEG,3
002550.JPEG,16
004393.JPEG,0
002710.JPEG,13
004043.JPEG,13
002488.JPEG,20
004206.JPEG,2
001232.JPEG,16
003951.JPEG,17
000829.JPEG,14
002651.JPEG,11
003045.JPEG,11
002671.JPEG,13
003728.JPEG,17
002911.JPEG,9
000810.JPEG,8
000068.JPEG,10
000893.JPEG,13
003778.JPEG,5
002130.JPEG,18
003743.JPEG,17
002361.JPEG,5
000931.JPEG,17
003903.JPEG,13
001723.JPEG,18
000454.JPEG,18
002200.JPEG,15
002051.JPEG,3
003622.JPEG,13
000988.JPEG,5
004471.JPEG,6
000328.JPEG,7
005149.JPEG,8
003607.JPEG,9
004492.JPEG,0
004851.JPEG,19
005117.JPEG,15
000341.JPEG,11
001896.JPEG,11
003767.JPEG,2
004307.JPEG,18
000026.JPEG,20
004403.JPEG,20
002709.JPEG,1
000458.JPEG,14
000258.JPEG,11
003592.JPEG,14
001672.JPEG,3
001508.JPEG,11
001700.JPEG,5
001545.JPEG,5
002661.JPEG,7
004677.JPEG,1
000259.JPEG,9
002902.JPEG,5
003271.JPEG,14
001581.JPEG,14
002478.JPEG,18
001416.JPEG,1
000102.JPEG,9
002479.JPEG,8
000781.JPEG,20
003640.JPEG,7
003732.JPEG,8
003900.JPEG,8
000156.JPEG,14
001339.JPEG,7
000683.JPEG,1
002066.JPEG,10
001532.JPEG,14
004444.JPEG,1
001938.JPEG,8
000025.JPEG,16
000410.JPEG,9
005120.JPEG,8
003564.JPEG,7
002526.JPEG,1
001605.JPEG,11
001170.JPEG,10
003529.JPEG,4
004812.JPEG,0
001261.JPEG,5
001230.JPEG,8
003488.JPEG,20
000611.JPEG,10
002558.JPEG,0
004113.JPEG,5
003195.JPEG,13
000184.JPEG,6
004992.JPEG,20
002888.JPEG,15
001207.JPEG,2
003362.JPEG,17
005198.JPEG,12
001043.JPEG,11
000802.JPEG,18
004511.JPEG,8
005232.JPEG,11
004671.JPEG,3
002038.JPEG,5
002929.JPEG,12
005111.JPEG,18
004319.JPEG,9
003701.JPEG,4
005209.JPEG,16
004555.JPEG,6
000652.JPEG,19
004571.JPEG,11
000489.JPEG,7
000588.JPEG,5
001845.JPEG,19
004630.JPEG,2
004932.JPEG,12
001255.JPEG,5
001830.JPEG,0
004764.JPEG,19
004302.JPEG,11
004738.JPEG,5
000049.JPEG,12
002539.JPEG,11
000312.JPEG,1
004576.JPEG,16
002606.JPEG,7
004432.JPEG,19
001151.JPEG,10
002799.JPEG,0
004109.JPEG,18
002320.JPEG,14
002438.JPEG,20
000473.JPEG,9
002889.JPEG,11
003152.JPEG,17
000479.JPEG,20
005059.JPEG,18
001459.JPEG,2
005029.JPEG,0
004452.JPEG,10
001137.JPEG,14
003707.JPEG,20
000629.JPEG,7
002564.JPEG,11
002812.JPEG,0
001180.JPEG,2
000886.JPEG,0
002107.JPEG,17
004422.JPEG,3
003555.JPEG,6
002535.JPEG,15
001735.JPEG,16
004596.JPEG,17
004220.JPEG,7
003399.JPEG,19
003726.JPEG,18
001647.JPEG,20
003154.JPEG,5
003346.JPEG,8
001061.JPEG,20
004505.JPEG,19
002872.JPEG,19
001105.JPEG,13
005053.JPEG,18
001201.JPEG,20
001955.JPEG,3
003200.JPEG,11
000203.JPEG,0
004278.JPEG,17
003929.JPEG,17
001446.JPEG,11
002126.JPEG,2
004087.JPEG,6
003258.JPEG,7
004866.JPEG,13
001968.JPEG,4
002136.JPEG,0
003368.JPEG,9
000136.JPEG,0
001777.JPEG,19
000000.JPEG,14
002834.JPEG,12
004347.JPEG,11
000835.JPEG,20
003448.JPEG,5
004986.JPEG,5
001571.JPEG,1
004917.JPEG,11
001641.JPEG,18
001149.JPEG,1
001369.JPEG,15
004466.JPEG,16
000133.JPEG,3
001511.JPEG,6
004749.JPEG,18
002991.JPEG,20
002780.JPEG,19
004962.JPEG,9
004420.JPEG,19
002678.JPEG,20
002023.JPEG,15
000424.JPEG,18
001174.JPEG,9
001011.JPEG,19
000979.JPEG,18
001622.JPEG,6
002065.JPEG,16
004817.JPEG,8
002998.JPEG,13
003512.JPEG,11
003591.JPEG,15
003935.JPEG,11
000382.JPEG,1
002585.JPEG,10
004399.JPEG,20
002985.JPEG,3
005007.JPEG,6
000596.JPEG,4
004716.JPEG,10
004364.JPEG,4
004565.JPEG,8
000617.JPEG,0
003751.JPEG,7
001092.JPEG,9
005223.JPEG,19
004599.JPEG,18
003934.JPEG,6
004033.JPEG,13
002226.JPEG,19
004746.JPEG,5
001789.JPEG,11
004122.JPEG,5
002742.JPEG,12
001214.JPEG,3
004845.JPEG,1
003453.JPEG,8
002635.JPEG,5
004134.JPEG,14
002948.JPEG,8
002605.JPEG,0
002278.JPEG,11
004193.JPEG,14
001633.JPEG,19
001669.JPEG,3
002659.JPEG,11
001099.JPEG,10
003967.JPEG,11
000118.JPEG,12
002367.JPEG,0
001090.JPEG,17
001346.JPEG,0
001600.JPEG,15
000090.JPEG,4
000945.JPEG,7
004018.JPEG,12
002630.JPEG,19
001417.JPEG,15
003501.JPEG,12
002858.JPEG,19
003487.JPEG,8
002010.JPEG,19
005185.JPEG,17
001978.JPEG,15
002255.JPEG,1
000859.JPEG,11
002765.JPEG,18
001233.JPEG,14
004503.JPEG,19
002634.JPEG,1
003861.JPEG,3
002893.JPEG,19
002652.JPEG,9
002115.JPEG,13
001081.JPEG,11
003126.JPEG,11
001424.JPEG,10
004468.JPEG,6
002001.JPEG,7
004353.JPEG,2
000292.JPEG,14
000209.JPEG,6
005156.JPEG,11
002973.JPEG,11
005087.JPEG,6
004696.JPEG,6
004634.JPEG,1
000124.JPEG,17
002084.JPEG,1
002359.JPEG,14
002622.JPEG,0
003125.JPEG,19
004167.JPEG,1
005048.JPEG,13
000224.JPEG,1
002870.JPEG,16
002322.JPEG,14
004824.JPEG,1
004141.JPEG,15
000676.JPEG,12
001939.JPEG,14
002852.JPEG,0
001819.JPEG,14
001362.JPEG,18
005055.JPEG,13
003649.JPEG,17
000143.JPEG,15
001055.JPEG,19
002508.JPEG,4
003114.JPEG,13
004765.JPEG,17
005037.JPEG,14
002401.JPEG,17
000751.JPEG,3
002089.JPEG,18
004203.JPEG,10
000067.JPEG,11
003856.JPEG,9
000863.JPEG,11
003300.JPEG,16
000121.JPEG,6
002274.JPEG,0
001576.JPEG,7
000612.JPEG,13
005128.JPEG,0
002931.JPEG,9
000819.JPEG,15
001109.JPEG,11
004608.JPEG,3
004783.JPEG,19
002943.JPEG,18
001371.JPEG,11
001856.JPEG,12
001881.JPEG,16
002937.JPEG,19
003613.JPEG,5
000918.JPEG,15
000662.JPEG,16
004516.JPEG,3
004792.JPEG,20
001002.JPEG,15
003975.JPEG,5
004338.JPEG,8
002143.JPEG,0
004739.JPEG,15
001585.JPEG,17
000310.JPEG,19
005130.JPEG,1
004257.JPEG,9
002484.JPEG,3
001874.JPEG,18
004254.JPEG,3
000777.JPEG,0
000983.JPEG,19
001974.JPEG,12
003698.JPEG,17
000643.JPEG,10
001044.JPEG,11
000655.JPEG,3
000885.JPEG,2
004990.JPEG,15
003737.JPEG,3
004953.JPEG,14
001510.JPEG,6
005030.JPEG,13
002798.JPEG,17
004616.JPEG,18
002632.JPEG,5
000504.JPEG,0
000350.JPEG,5
003280.JPEG,4
004080.JPEG,5
002727.JPEG,14
004732.JPEG,8
003618.JPEG,15
002827.JPEG,2
004586.JPEG,4
002003.JPEG,9
001547.JPEG,0
000600.JPEG,9
004464.JPEG,9
005216.JPEG,4
000636.JPEG,18
002247.JPEG,19
004151.JPEG,2
005191.JPEG,15
004138.JPEG,9
003863.JPEG,7
001915.JPEG,19
005005.JPEG,19
000104.JPEG,10
003398.JPEG,20
003852.JPEG,16
004848.JPEG,4
003668.JPEG,20
005182.JPEG,16
004436.JPEG,9
001522.JPEG,3
000268.JPEG,18
000892.JPEG,13
001218.JPEG,7
004178.JPEG,18
002692.JPEG,7
004370.JPEG,13
001682.JPEG,18
004623.JPEG,11
004612.JPEG,2
003372.JPEG,15
000762.JPEG,16
001094.JPEG,1
003752.JPEG,18
004853.JPEG,12
003269.JPEG,18
002481.JPEG,4
003672.JPEG,8
000987.JPEG,16
001160.JPEG,18
001332.JPEG,8
001111.JPEG,9
001833.JPEG,1
000753.JPEG,17
004506.JPEG,2
000113.JPEG,9
003279.JPEG,19
004528.JPEG,8
001145.JPEG,11
000151.JPEG,7
003361.JPEG,6
002656.JPEG,12
001827.JPEG,12
000580.JPEG,10
003724.JPEG,16
004192.JPEG,5
003912.JPEG,10
000330.JPEG,7
004907.JPEG,14
001129.JPEG,15
004473.JPEG,16
002305.JPEG,3
002067.JPEG,5
004973.JPEG,7
004215.JPEG,11
002791.JPEG,16
003940.JPEG,16
004726.JPEG,17
002766.JPEG,17
000298.JPEG,20
000635.JPEG,9
004884.JPEG,20
001829.JPEG,16
001528.JPEG,5
003498.JPEG,7
002775.JPEG,8
000516.JPEG,9
003705.JPEG,3
002388.JPEG,15
001353.JPEG,16
002689.JPEG,11
000752.JPEG,18
003876.JPEG,18
002653.JPEG,8
005113.JPEG,15
003168.JPEG,7
004592.JPEG,19
000565.JPEG,18
004034.JPEG,12
002547.JPEG,15
000429.JPEG,11
001007.JPEG,20
004611.JPEG,0
000400.JPEG,14
004773.JPEG,8
001507.JPEG,1
002553.JPEG,2
000213.JPEG,9
003958.JPEG,6
000173.JPEG,11
002100.JPEG,1
002227.JPEG,13
000853.JPEG,0
001562.JPEG,11
002967.JPEG,6
004321.JPEG,5
003643.JPEG,1
005010.JPEG,14
004556.JPEG,9
001970.JPEG,7
003629.JPEG,6
004658.JPEG,18
000095.JPEG,20
002477.JPEG,14
003502.JPEG,7
002181.JPEG,13
004813.JPEG,8
002448.JPEG,0
001997.JPEG,9
002298.JPEG,15
002894.JPEG,9
001848.JPEG,12
001019.JPEG,2
000823.JPEG,11
002668.JPEG,12
000902.JPEG,0
004790.JPEG,11
001448.JPEG,3
001200.JPEG,10
000054.JPEG,15
004155.JPEG,14
002222.JPEG,11
003909.JPEG,15
002542.JPEG,15
004960.JPEG,1
003494.JPEG,13
002218.JPEG,14
003097.JPEG,20
002350.JPEG,3
000081.JPEG,11
004543.JPEG,9
001901.JPEG,1
001047.JPEG,13
000765.JPEG,14
001375.JPEG,11
001292.JPEG,13
002195.JPEG,17
001704.JPEG,2
001637.JPEG,5
001051.JPEG,14
004698.JPEG,7
004355.JPEG,17
002360.JPEG,0
003075.JPEG,5
001861.JPEG,19
003526.JPEG,11
003129.JPEG,2
002074.JPEG,16
004458.JPEG,11
000912.JPEG,0
000717.JPEG,9
001070.JPEG,6
002626.JPEG,16
002990.JPEG,0
000910.JPEG,1
000335.JPEG,9
004213.JPEG,8
004035.JPEG,0
000117.JPEG,4
001652.JPEG,12
004563.JPEG,1
000897.JPEG,6
003182.JPEG,14
001895.JPEG,3
001916.JPEG,7
003741.JPEG,8
004405.JPEG,11
001701.JPEG,11
004414.JPEG,5
002574.JPEG,7
000303.JPEG,14
003706.JPEG,14
002391.JPEG,10
000794.JPEG,19
002277.JPEG,6
003679.JPEG,19
002744.JPEG,17
001645.JPEG,12
001983.JPEG,5
000089.JPEG,11
001570.JPEG,6
000342.JPEG,8
003683.JPEG,14
001049.JPEG,1
002364.JPEG,13
002952.JPEG,18
002487.JPEG,11
003403.JPEG,4
003753.JPEG,16
002694.JPEG,5
005215.JPEG,15
000273.JPEG,9
001165.JPEG,0
003163.JPEG,2
001909.JPEG,6
002963.JPEG,16
002586.JPEG,8
004079.JPEG,2
000847.JPEG,4
002129.JPEG,16
002340.JPEG,3
004789.JPEG,0
003397.JPEG,1
003122.JPEG,16
004975.JPEG,0
002792.JPEG,16
004977.JPEG,10
000291.JPEG,4
001744.JPEG,19
002825.JPEG,9
003120.JPEG,9
004743.JPEG,8
004214.JPEG,14
002385.JPEG,19
004421.JPEG,1
001963.JPEG,16
003123.JPEG,9
000740.JPEG,5
000789.JPEG,17
003153.JPEG,0
002497.JPEG,6
001779.JPEG,19
000045.JPEG,20
004179.JPEG,7
004836.JPEG,15
002567.JPEG,6
003142.JPEG,11
001452.JPEG,1
000986.JPEG,0
002676.JPEG,11
001014.JPEG,5
003112.JPEG,14
000347.JPEG,2
004693.JPEG,1
004841.JPEG,20
001697.JPEG,15
003554.JPEG,11
004708.JPEG,19
004819.JPEG,20
003600.JPEG,6
000265.JPEG,6
005124.JPEG,0
002589.JPEG,11
000669.JPEG,4
000337.JPEG,10
000614.JPEG,4
003106.JPEG,14
000010.JPEG,19
000083.JPEG,4
000063.JPEG,4
000480.JPEG,17
004386.JPEG,7
003254.JPEG,7
001797.JPEG,1
000304.JPEG,7
004249.JPEG,18
003647.JPEG,16
004935.JPEG,19
003473.JPEG,18
002881.JPEG,6
001115.JPEG,3
003466.JPEG,8
002900.JPEG,1
001324.JPEG,11
000160.JPEG,13
000952.JPEG,8
003848.JPEG,11
001013.JPEG,6
002992.JPEG,5
000462.JPEG,15
000215.JPEG,6
001754.JPEG,19
005119.JPEG,11
003769.JPEG,18
000837.JPEG,3
002332.JPEG,13
004545.JPEG,18
000334.JPEG,16
000584.JPEG,9
002516.JPEG,7
002288.JPEG,1
002898.JPEG,6
001258.JPEG,1
000792.JPEG,9
005078.JPEG,18
004139.JPEG,15
003170.JPEG,1
000603.JPEG,6
005131.JPEG,7
001775.JPEG,20
003791.JPEG,20
001619.JPEG,20
003117.JPEG,19
003703.JPEG,18
000436.JPEG,14
000626.JPEG,0
004541.JPEG,0
002468.JPEG,4
003386.JPEG,18
004445.JPEG,11
001708.JPEG,12
002440.JPEG,17
001613.JPEG,14
000329.JPEG,7
003535.JPEG,12
001629.JPEG,3
002281.JPEG,1
001524.JPEG,7
003377.JPEG,19
001156.JPEG,4
002495.JPEG,10
001478.JPEG,19
001577.JPEG,1
004108.JPEG,0
004243.JPEG,8
003431.JPEG,14
000950.JPEG,12
004946.JPEG,11
003336.JPEG,2
000057.JPEG,11
000707.JPEG,0
004657.JPEG,13
000563.JPEG,0
003560.JPEG,6
003911.JPEG,8
000475.JPEG,3
004361.JPEG,1
003605.JPEG,9
002453.JPEG,11
000474.JPEG,18
002679.JPEG,0
000434.JPEG,15
001664.JPEG,20
002098.JPEG,0
001642.JPEG,4
005218.JPEG,8
002101.JPEG,5
002043.JPEG,11
002848.JPEG,11
003653.JPEG,4
000385.JPEG,6
002061.JPEG,10
003321.JPEG,4
000082.JPEG,11
002145.JPEG,10
004407.JPEG,17
003875.JPEG,5
003534.JPEG,7
000021.JPEG,17
002808.JPEG,18
001711.JPEG,10
001069.JPEG,1
004470.JPEG,15
003711.JPEG,15
000027.JPEG,8
001745.JPEG,15
001627.JPEG,1
001954.JPEG,14
003956.JPEG,9
004189.JPEG,1
000317.JPEG,15
003229.JPEG,9
002097.JPEG,0
003452.JPEG,11
004231.JPEG,8
005242.JPEG,0
004084.JPEG,13
000139.JPEG,17
001460.JPEG,0
003548.JPEG,1
002029.JPEG,9
002429.JPEG,11
003312.JPEG,18
000306.JPEG,11
003894.JPEG,0
003169.JPEG,14
001247.JPEG,12
001628.JPEG,7
004598.JPEG,11
003406.JPEG,5
002768.JPEG,6
004774.JPEG,1
005166.JPEG,5
000498.JPEG,10
004204.JPEG,20
000852.JPEG,13
002987.JPEG,4
005096.JPEG,11
003697.JPEG,7
001042.JPEG,0
004051.JPEG,5
000357.JPEG,3
005047.JPEG,1
002225.JPEG,15
003366.JPEG,5
004825.JPEG,8
002514.JPEG,13
003514.JPEG,4
002452.JPEG,18
000308.JPEG,3
004285.JPEG,0
002657.JPEG,12
000549.JPEG,9
005184.JPEG,7
003040.JPEG,8
004006.JPEG,0
003034.JPEG,16
003343.JPEG,16
004262.JPEG,11
000476.JPEG,5
000920.JPEG,5
001503.JPEG,1
002282.JPEG,16
002719.JPEG,9
002982.JPEG,11
004309.JPEG,18
003070.JPEG,18
003187.JPEG,5
004312.JPEG,20
000091.JPEG,14
001190.JPEG,19
001380.JPEG,4
000450.JPEG,11
002021.JPEG,9
003205.JPEG,16
003818.JPEG,11
002459.JPEG,4
002444.JPEG,3
001458.JPEG,4
000405.JPEG,1
004277.JPEG,14
003907.JPEG,10
002541.JPEG,17
004787.JPEG,18
001931.JPEG,10
001284.JPEG,0
000682.JPEG,14
001198.JPEG,7
004327.JPEG,19
003161.JPEG,6
003219.JPEG,19
005134.JPEG,8
003862.JPEG,14
000051.JPEG,3
001060.JPEG,1
001482.JPEG,11
003248.JPEG,7
002758.JPEG,0
004298.JPEG,7
004529.JPEG,16
002311.JPEG,15
000558.JPEG,13
000933.JPEG,9
004219.JPEG,0
002972.JPEG,1
005079.JPEG,17
000390.JPEG,6
003262.JPEG,3
004985.JPEG,16
002284.JPEG,20
000348.JPEG,20
004894.JPEG,8
003135.JPEG,11
000693.JPEG,12
004706.JPEG,18
000946.JPEG,4
004553.JPEG,4
004371.JPEG,15
001518.JPEG,9
001227.JPEG,8
000686.JPEG,11
001994.JPEG,11
004865.JPEG,14
002004.JPEG,14
005061.JPEG,1
003303.JPEG,17
004410.JPEG,15
003384.JPEG,10
004056.JPEG,8
001116.JPEG,20
004663.JPEG,18
002472.JPEG,7
002415.JPEG,9
000497.JPEG,15
003745.JPEG,12
001355.JPEG,3
003973.JPEG,20
004377.JPEG,5
001312.JPEG,0
002157.JPEG,19
004815.JPEG,0
001131.JPEG,0
005020.JPEG,12
001655.JPEG,4
002175.JPEG,19
004964.JPEG,16
000064.JPEG,10
004428.JPEG,17
002670.JPEG,13
002052.JPEG,5
002677.JPEG,7
002176.JPEG,13
003612.JPEG,9
002030.JPEG,4
003750.JPEG,16
001519.JPEG,17
003029.JPEG,17
000620.JPEG,8
001492.JPEG,16
004409.JPEG,11
003419.JPEG,11
004078.JPEG,16
003720.JPEG,3
004459.JPEG,12
005219.JPEG,8
001477.JPEG,2
004356.JPEG,18
002884.JPEG,11
002246.JPEG,11
003961.JPEG,18
004016.JPEG,2
001534.JPEG,10
001118.JPEG,3
000241.JPEG,5
000855.JPEG,16
004723.JPEG,11
001825.JPEG,9
001175.JPEG,11
004914.JPEG,5
001771.JPEG,10
000162.JPEG,11
003586.JPEG,3
004525.JPEG,0
001083.JPEG,13
004750.JPEG,5
004617.JPEG,3
000769.JPEG,11
003060.JPEG,4
000595.JPEG,10
000290.JPEG,17
002239.JPEG,19
005075.JPEG,6
005046.JPEG,0
003675.JPEG,2
004752.JPEG,4
002729.JPEG,2
004882.JPEG,20
001307.JPEG,17
000830.JPEG,7
004233.JPEG,18
000954.JPEG,11
004745.JPEG,13
001323.JPEG,11
002267.JPEG,17
005104.JPEG,4
002093.JPEG,11
005220.JPEG,2
001621.JPEG,2
000994.JPEG,16
000408.JPEG,5
002295.JPEG,11
003194.JPEG,1
002615.JPEG,10
001211.JPEG,16
004070.JPEG,6
004038.JPEG,17
003651.JPEG,8
000066.JPEG,1
002927.JPEG,12
002346.JPEG,3
002076.JPEG,9
004196.JPEG,0
000785.JPEG,6
005052.JPEG,14
000389.JPEG,8
002506.JPEG,6
004085.JPEG,1
002163.JPEG,11
005233.JPEG,4
003283.JPEG,7
000557.JPEG,18
002204.JPEG,18
004318.JPEG,5
004395.JPEG,4
002399.JPEG,18
004822.JPEG,7
002192.JPEG,7
002529.JPEG,4
002577.JPEG,5
001271.JPEG,15
001223.JPEG,3
003087.JPEG,20
004918.JPEG,6
001471.JPEG,11
002904.JPEG,14
002616.JPEG,17
002717.JPEG,20
000980.JPEG,16
000393.JPEG,16
001361.JPEG,1
003798.JPEG,4
003485.JPEG,2
002317.JPEG,20
003414.JPEG,7
005085.JPEG,8
001721.JPEG,10
003257.JPEG,4
002057.JPEG,4
000898.JPEG,19
000378.JPEG,9
000148.JPEG,19
002642.JPEG,4
005139.JPEG,11
004514.JPEG,6
003569.JPEG,11
000540.JPEG,2
004456.JPEG,9
005036.JPEG,4
001960.JPEG,12
001685.JPEG,0
000989.JPEG,8
001588.JPEG,7
002166.JPEG,11
002597.JPEG,1
001278.JPEG,1
004116.JPEG,15
000353.JPEG,14
004150.JPEG,6
002613.JPEG,4
002325.JPEG,11
003758.JPEG,20
005160.JPEG,11
004981.JPEG,9
000015.JPEG,18
003438.JPEG,3
001187.JPEG,4
000003.JPEG,0
005237.JPEG,16
004540.JPEG,5
001595.JPEG,6
002121.JPEG,3
003263.JPEG,13
000577.JPEG,7
003191.JPEG,1
001773.JPEG,15
002826.JPEG,3
003063.JPEG,19
000022.JPEG,5
000670.JPEG,3
003116.JPEG,0
003544.JPEG,11
002521.JPEG,10
000764.JPEG,7
001167.JPEG,19
002293.JPEG,9
002466.JPEG,11
004777.JPEG,11
002636.JPEG,16
003400.JPEG,11
001505.JPEG,3
000808.JPEG,3
003634.JPEG,5
000374.JPEG,11
001336.JPEG,9
003412.JPEG,13
002263.JPEG,8
002392.JPEG,17
000687.JPEG,4
002559.JPEG,20
004288.JPEG,13
001593.JPEG,11
002519.JPEG,0
004171.JPEG,9
004807.JPEG,12
001575.JPEG,12
001703.JPEG,20
002599.JPEG,17
001892.JPEG,6
002417.JPEG,16
003445.JPEG,16
004737.JPEG,9
004931.JPEG,8
005172.JPEG,11
002458.JPEG,9
004095.JPEG,13
002433.JPEG,14
001245.JPEG,20
000718.JPEG,18
002501.JPEG,3
000360.JPEG,0
001504.JPEG,19
004965.JPEG,12
004513.JPEG,9
002735.JPEG,1
002883.JPEG,1
000322.JPEG,14
000640.JPEG,7
001673.JPEG,0
003378.JPEG,2
005043.JPEG,9
002464.JPEG,18
003814.JPEG,11
005205.JPEG,3
001541.JPEG,7
000581.JPEG,11
001420.JPEG,20
000911.JPEG,6
002674.JPEG,5
004017.JPEG,1
004081.JPEG,15
004697.JPEG,11
003048.JPEG,16
003389.JPEG,13
001594.JPEG,0
001153.JPEG,9
002111.JPEG,9
003776.JPEG,19
002041.JPEG,5
002302.JPEG,12
004400.JPEG,20
001520.JPEG,16
004025.JPEG,4
002936.JPEG,16
001539.JPEG,15
001923.JPEG,5
004460.JPEG,0
002853.JPEG,5
001793.JPEG,17
002031.JPEG,8
005022.JPEG,8
002702.JPEG,17
003561.JPEG,8
002099.JPEG,5
000671.JPEG,10
000188.JPEG,13
001449.JPEG,8
002337.JPEG,14
000725.JPEG,8
003140.JPEG,10
005025.JPEG,14
000056.JPEG,1
003885.JPEG,14
000402.JPEG,9
004803.JPEG,4
003164.JPEG,19
004873.JPEG,9
005176.JPEG,16
003616.JPEG,9
000194.JPEG,14
000217.JPEG,14
002629.JPEG,13
003083.JPEG,3
002494.JPEG,11
003405.JPEG,18
002203.JPEG,20
003454.JPEG,0
000481.JPEG,9
002924.JPEG,13
005001.JPEG,19
003270.JPEG,14
004092.JPEG,19
000198.JPEG,12
002386.JPEG,11
001560.JPEG,1
004185.JPEG,3
005064.JPEG,4
003960.JPEG,19
002797.JPEG,11
005244.JPEG,10
002131.JPEG,20
003807.JPEG,19
004626.JPEG,13
004368.JPEG,11
004927.JPEG,4
004642.JPEG,16
004376.JPEG,19
000787.JPEG,13
000698.JPEG,19
001413.JPEG,14
004146.JPEG,9
001483.JPEG,13
001329.JPEG,18
002410.JPEG,15
001734.JPEG,4
003568.JPEG,11
000887.JPEG,3
004343.JPEG,1
002783.JPEG,10
004587.JPEG,16
000208.JPEG,1
004614.JPEG,14
000363.JPEG,15
000824.JPEG,2
001390.JPEG,18
003986.JPEG,13
000112.JPEG,14
000758.JPEG,2
004272.JPEG,6
001006.JPEG,5
005063.JPEG,20
001253.JPEG,1
003421.JPEG,4
000761.JPEG,9
003395.JPEG,9
002842.JPEG,7
002770.JPEG,3
001241.JPEG,13
002058.JPEG,8
003246.JPEG,5
004662.JPEG,11
000440.JPEG,11
002244.JPEG,9
000187.JPEG,2
000174.JPEG,3
004152.JPEG,4
000464.JPEG,12
005056.JPEG,15
003340.JPEG,6
001929.JPEG,20
001399.JPEG,14
005018.JPEG,11
000297.JPEG,20
004656.JPEG,7
000708.JPEG,19
001268.JPEG,4
000127.JPEG,1
000901.JPEG,5
002384.JPEG,19
005095.JPEG,8
004829.JPEG,2
004236.JPEG,13
004742.JPEG,11
003565.JPEG,18
003627.JPEG,20
003297.JPEG,6
004643.JPEG,11
004067.JPEG,3
001418.JPEG,17
003475.JPEG,8
001800.JPEG,11
003079.JPEG,11
003329.JPEG,15
001110.JPEG,14
004870.JPEG,12
001217.JPEG,9
000028.JPEG,10
003165.JPEG,3
003587.JPEG,16
001893.JPEG,17
001076.JPEG,7
001670.JPEG,14
000899.JPEG,6
002722.JPEG,12
003936.JPEG,20
004062.JPEG,12
002552.JPEG,3
004800.JPEG,1
001563.JPEG,13
003588.JPEG,1
000373.JPEG,5
003210.JPEG,11
004261.JPEG,11
002844.JPEG,3
002215.JPEG,11
004631.JPEG,6
002164.JPEG,19
001680.JPEG,20
000053.JPEG,5
003619.JPEG,17
001862.JPEG,5
004971.JPEG,18
000038.JPEG,12
002462.JPEG,19
003786.JPEG,11
001598.JPEG,3
004689.JPEG,13
003797.JPEG,13
004584.JPEG,11
001635.JPEG,7
001192.JPEG,6
004955.JPEG,16
002733.JPEG,20
001199.JPEG,11
001108.JPEG,0
003111.JPEG,15
003901.JPEG,2
001096.JPEG,1
003506.JPEG,9
000197.JPEG,3
000564.JPEG,20
001640.JPEG,7
002818.JPEG,11
002755.JPEG,16
002083.JPEG,16
001907.JPEG,13
003920.JPEG,17
000667.JPEG,2
000742.JPEG,5
002763.JPEG,0
002123.JPEG,20
003919.JPEG,10
000788.JPEG,13
004534.JPEG,11
004242.JPEG,5
000744.JPEG,14
004930.JPEG,0
000087.JPEG,15
003917.JPEG,1
004050.JPEG,4
002231.JPEG,13
004921.JPEG,15
000170.JPEG,6
000161.JPEG,12
004388.JPEG,1
003392.JPEG,4
004939.JPEG,4
001719.JPEG,3
003211.JPEG,11
001995.JPEG,3
001834.JPEG,4
004382.JPEG,19
003770.JPEG,11
004972.JPEG,19
000947.JPEG,0
004797.JPEG,17
000430.JPEG,20
003889.JPEG,1
001088.JPEG,4
002373.JPEG,17
002741.JPEG,1
001302.JPEG,2
000716.JPEG,1
003408.JPEG,20
003611.JPEG,10
003096.JPEG,19
001887.JPEG,17
002618.JPEG,16
000546.JPEG,2
002174.JPEG,8
003086.JPEG,8
003873.JPEG,5
002173.JPEG,1
000077.JPEG,20
001093.JPEG,14
002624.JPEG,15
003394.JPEG,13
005183.JPEG,0
004699.JPEG,17
002036.JPEG,7
000944.JPEG,9
002194.JPEG,7
005245.JPEG,0
002342.JPEG,15
002829.JPEG,1
003997.JPEG,1
004237.JPEG,17
003759.JPEG,15
003057.JPEG,7
004593.JPEG,15
003708.JPEG,6
005044.JPEG,0
002344.JPEG,16
003777.JPEG,15
000610.JPEG,8
004629.JPEG,19
002554.JPEG,18
005122.JPEG,16
005099.JPEG,9
000269.JPEG,5
000443.JPEG,5
003884.JPEG,2
005084.JPEG,10
005221.JPEG,5
000567.JPEG,0
003915.JPEG,5
003287.JPEG,3
002532.JPEG,16
002467.JPEG,2
002956.JPEG,18
001546.JPEG,1
003027.JPEG,13
001956.JPEG,17
001335.JPEG,0
003859.JPEG,11
002463.JPEG,20
003255.JPEG,6
002211.JPEG,11
000968.JPEG,3
001490.JPEG,11
000506.JPEG,10
003344.JPEG,2
001537.JPEG,4
001965.JPEG,18
004208.JPEG,0
002294.JPEG,0
003830.JPEG,17
001453.JPEG,8
001176.JPEG,4
002343.JPEG,11
003143.JPEG,0
001427.JPEG,13
003410.JPEG,17
000289.JPEG,11
000748.JPEG,14
001657.JPEG,20
001643.JPEG,12
001854.JPEG,0
000486.JPEG,13
001851.JPEG,8
000048.JPEG,16
000542.JPEG,0
004181.JPEG,13
003841.JPEG,2
001772.JPEG,11
002609.JPEG,3
003324.JPEG,16
004820.JPEG,20
004648.JPEG,14
000889.JPEG,9
002256.JPEG,19
004767.JPEG,0
003156.JPEG,17
002743.JPEG,19
001668.JPEG,6
003014.JPEG,12
004606.JPEG,17
001205.JPEG,11
004212.JPEG,10
000702.JPEG,1
003948.JPEG,11
003858.JPEG,0
001181.JPEG,15
002000.JPEG,13
002588.JPEG,3
004299.JPEG,4
004880.JPEG,16
003530.JPEG,10
002491.JPEG,17
005140.JPEG,0
000114.JPEG,19
001826.JPEG,3
001578.JPEG,20
004190.JPEG,8
002703.JPEG,0
004937.JPEG,10
002037.JPEG,18
000949.JPEG,1
001086.JPEG,19
003790.JPEG,17
000519.JPEG,13
003714.JPEG,7
000561.JPEG,16
003558.JPEG,1
001858.JPEG,11
004961.JPEG,20
004703.JPEG,7
001032.JPEG,5
002643.JPEG,2
004872.JPEG,4
002147.JPEG,11
004114.JPEG,7
003775.JPEG,7
004169.JPEG,8
002700.JPEG,5
000044.JPEG,11
000773.JPEG,15
001811.JPEG,15
001311.JPEG,4
003638.JPEG,1
005178.JPEG,13
003347.JPEG,20
002836.JPEG,5
005246.JPEG,19
004304.JPEG,19
001142.JPEG,13
004628.JPEG,1
001876.JPEG,20
004320.JPEG,15
003179.JPEG,2
001206.JPEG,19
004784.JPEG,16
003131.JPEG,15
003678.JPEG,13
002134.JPEG,6
005033.JPEG,6
000119.JPEG,15
002446.JPEG,13
000493.JPEG,11
000602.JPEG,2
000425.JPEG,13
000807.JPEG,14
003251.JPEG,14
000030.JPEG,19
001393.JPEG,12
001112.JPEG,2
002286.JPEG,14
000171.JPEG,2
004372.JPEG,5
003266.JPEG,19
000996.JPEG,0
002660.JPEG,0
002593.JPEG,4
003633.JPEG,15
005155.JPEG,12
004867.JPEG,20
001082.JPEG,17
003334.JPEG,18
004594.JPEG,15
003570.JPEG,1
001625.JPEG,12
002362.JPEG,7
000569.JPEG,15
003461.JPEG,18
000879.JPEG,17
003469.JPEG,13
000961.JPEG,0
000884.JPEG,17
004547.JPEG,9
000234.JPEG,13
002885.JPEG,17
004297.JPEG,5
000850.JPEG,5
003783.JPEG,13
001804.JPEG,18
004676.JPEG,4
004046.JPEG,19
003898.JPEG,7
002591.JPEG,13
003420.JPEG,14
000447.JPEG,5
003736.JPEG,2
003439.JPEG,7
003249.JPEG,6
002473.JPEG,19
000873.JPEG,11
004681.JPEG,17
002953.JPEG,10
005207.JPEG,11
005039.JPEG,2
001457.JPEG,20
002980.JPEG,18
002531.JPEG,8
000840.JPEG,15
001837.JPEG,11
000585.JPEG,19
002394.JPEG,2
000072.JPEG,4
004416.JPEG,11
004509.JPEG,14
001343.JPEG,18
001823.JPEG,15
002296.JPEG,20
003995.JPEG,1
004994.JPEG,5
004229.JPEG,12
001737.JPEG,14
002882.JPEG,16
003337.JPEG,16
003793.JPEG,20
004296.JPEG,16
001516.JPEG,7
000517.JPEG,8
001592.JPEG,8
000238.JPEG,11
001276.JPEG,4
003536.JPEG,2
002070.JPEG,15
005169.JPEG,12
003174.JPEG,16
004306.JPEG,9
003833.JPEG,8
004247.JPEG,7
003877.JPEG,14
002185.JPEG,1
002242.JPEG,14
000185.JPEG,4
003381.JPEG,0
005226.JPEG,19
000439.JPEG,19
003704.JPEG,1
000677.JPEG,7
004940.JPEG,14
004757.JPEG,11
003426.JPEG,14
004660.JPEG,11
001972.JPEG,5
004373.JPEG,19
000982.JPEG,11
000522.JPEG,16
002887.JPEG,18
000870.JPEG,16
001573.JPEG,12
001376.JPEG,14
000366.JPEG,15
003524.JPEG,17
003821.JPEG,8
003224.JPEG,11
004303.JPEG,0
004855.JPEG,4
004064.JPEG,8
004679.JPEG,0
003015.JPEG,12
000895.JPEG,7
003744.JPEG,19
003696.JPEG,7
001184.JPEG,20
003792.JPEG,11
003455.JPEG,16
001461.JPEG,2
004057.JPEG,5
002075.JPEG,16
002603.JPEG,0
002905.JPEG,10
001139.JPEG,6
000422.JPEG,3
000248.JPEG,18
003356.JPEG,0
002335.JPEG,14
004826.JPEG,8
003046.JPEG,13
001334.JPEG,1
000029.JPEG,0
005032.JPEG,3
001279.JPEG,8
003464.JPEG,8
000097.JPEG,11
003213.JPEG,4
000226.JPEG,14
000469.JPEG,11
001526.JPEG,13
004469.JPEG,12
003121.JPEG,1
001391.JPEG,2
001221.JPEG,2
004394.JPEG,4
001762.JPEG,1
002528.JPEG,12
005089.JPEG,11
001216.JPEG,1
001835.JPEG,16
001757.JPEG,0
001242.JPEG,19
002252.JPEG,15
000349.JPEG,20
001889.JPEG,7
000624.JPEG,19
005110.JPEG,0
005224.JPEG,13
005074.JPEG,19
002347.JPEG,13
001146.JPEG,6
003332.JPEG,17
004833.JPEG,0
002598.JPEG,9
001301.JPEG,11
003002.JPEG,12
000262.JPEG,17
004539.JPEG,7
001675.JPEG,16
001134.JPEG,16
001969.JPEG,4
004431.JPEG,11
004021.JPEG,13
000496.JPEG,14
004521.JPEG,9
004174.JPEG,14
002570.JPEG,11
004568.JPEG,20
003872.JPEG,5
001383.JPEG,15
002830.JPEG,1
001989.JPEG,14
000343.JPEG,20
001846.JPEG,4
002950.JPEG,17
000032.JPEG,14
005086.JPEG,5
001333.JPEG,10
004392.JPEG,15
003298.JPEG,2
000828.JPEG,17
003839.JPEG,19
003478.JPEG,16
002803.JPEG,9
001308.JPEG,5
000231.JPEG,4
000692.JPEG,9
000728.JPEG,14
001035.JPEG,3
003016.JPEG,0
001930.JPEG,8
005031.JPEG,0
001914.JPEG,13
003824.JPEG,3
001234.JPEG,13
003407.JPEG,20
003245.JPEG,4
002079.JPEG,17
002289.JPEG,8
002522.JPEG,0
001981.JPEG,5
003317.JPEG,17
002939.JPEG,4
003256.JPEG,15
005228.JPEG,20
001364.JPEG,6
000521.JPEG,3
000175.JPEG,12
003078.JPEG,0
002014.JPEG,4
004779.JPEG,4
003646.JPEG,18
001357.JPEG,3
000200.JPEG,8
003816.JPEG,3
004913.JPEG,2
000372.JPEG,3
000168.JPEG,14
000741.JPEG,17
004862.JPEG,2
003024.JPEG,12
002777.JPEG,10
000820.JPEG,13
005148.JPEG,1
003013.JPEG,6
002820.JPEG,6
004958.JPEG,17
000340.JPEG,18
000016.JPEG,11
003019.JPEG,0
002109.JPEG,5
001063.JPEG,5
002490.JPEG,13
001699.JPEG,0
001012.JPEG,20
004712.JPEG,13
004844.JPEG,9
000219.JPEG,20
001760.JPEG,17
003124.JPEG,20
004058.JPEG,13
000782.JPEG,18
004591.JPEG,17
003537.JPEG,4
004900.JPEG,20
000256.JPEG,18
001943.JPEG,0
000909.JPEG,8
004246.JPEG,12
005158.JPEG,0
003543.JPEG,11
005180.JPEG,6
000857.JPEG,11
002094.JPEG,0
001240.JPEG,1
003012.JPEG,17
001495.JPEG,8
004094.JPEG,7
005229.JPEG,11
002520.JPEG,11
000757.JPEG,3
003231.JPEG,15
003617.JPEG,2
003742.JPEG,2
002912.JPEG,5
004640.JPEG,11
003844.JPEG,20
000283.JPEG,16
000266.JPEG,18
003601.JPEG,6
004814.JPEG,11
002871.JPEG,3
002756.JPEG,7
001095.JPEG,5
004260.JPEG,11
003221.JPEG,11
002241.JPEG,0
002469.JPEG,9
002372.JPEG,13
003931.JPEG,0
003988.JPEG,8
001054.JPEG,19
000575.JPEG,1
000957.JPEG,2
005187.JPEG,8
005002.JPEG,9
004164.JPEG,2
004053.JPEG,6
003290.JPEG,20
002584.JPEG,10
002563.JPEG,3
000237.JPEG,5
003319.JPEG,3
003837.JPEG,1
003669.JPEG,17
000553.JPEG,7
000534.JPEG,0
001283.JPEG,13
002996.JPEG,18
004293.JPEG,18
005243.JPEG,15
001320.JPEG,3
000075.JPEG,17
001256.JPEG,20
004461.JPEG,12
003268.JPEG,13
004253.JPEG,16
004023.JPEG,8
001551.JPEG,1
002436.JPEG,16
000155.JPEG,12
002154.JPEG,2
004905.JPEG,6
000245.JPEG,14
001506.JPEG,20
003082.JPEG,15
002264.JPEG,2
003556.JPEG,8
003020.JPEG,11
000888.JPEG,11
000866.JPEG,14
001768.JPEG,4
001410.JPEG,11
002951.JPEG,17
001372.JPEG,6
002806.JPEG,0
004227.JPEG,4
001864.JPEG,17
000355.JPEG,13
005004.JPEG,13
001611.JPEG,19
002309.JPEG,9
005170.JPEG,19
000255.JPEG,18
005057.JPEG,14
003292.JPEG,5
005107.JPEG,0
001996.JPEG,7
003107.JPEG,20
002978.JPEG,13
004482.JPEG,20
002639.JPEG,20
000345.JPEG,15
000948.JPEG,5
003100.JPEG,1
004104.JPEG,4
002187.JPEG,18
000377.JPEG,3
001731.JPEG,19
001718.JPEG,1
003567.JPEG,6
004717.JPEG,8
000904.JPEG,9
003677.JPEG,17
003259.JPEG,13
002498.JPEG,13
004362.JPEG,11
003325.JPEG,2
001384.JPEG,1
004090.JPEG,7
001406.JPEG,6
003468.JPEG,5
001435.JPEG,5
004367.JPEG,13
002374.JPEG,5
005171.JPEG,15
000037.JPEG,14
001479.JPEG,16
000380.JPEG,2
001289.JPEG,7
001949.JPEG,14
002796.JPEG,20
002351.JPEG,1
000925.JPEG,13
000040.JPEG,8
003355.JPEG,11
001794.JPEG,1
000099.JPEG,20
002957.JPEG,10
004702.JPEG,4
001033.JPEG,20
001902.JPEG,6
003870.JPEG,14
001574.JPEG,13
001466.JPEG,5
000691.JPEG,9
004942.JPEG,11
003493.JPEG,3
000641.JPEG,15
000169.JPEG,1
000451.JPEG,12
001150.JPEG,4
000472.JPEG,8
003430.JPEG,14
001262.JPEG,17
000062.JPEG,11
004991.JPEG,3
001580.JPEG,19
004205.JPEG,15
001235.JPEG,7
000760.JPEG,20
000733.JPEG,9
004133.JPEG,9
002938.JPEG,4
000332.JPEG,15
004201.JPEG,15
001313.JPEG,0
002358.JPEG,11
004168.JPEG,20
004533.JPEG,6
004311.JPEG,9
002764.JPEG,0
000466.JPEG,6
003091.JPEG,1
003030.JPEG,8
003390.JPEG,14
000013.JPEG,18
005201.JPEG,3
002306.JPEG,16
002120.JPEG,19
003509.JPEG,19
000721.JPEG,9
000453.JPEG,6
003913.JPEG,3
000233.JPEG,16
001104.JPEG,13
000880.JPEG,15
002042.JPEG,3
002731.JPEG,11
001952.JPEG,9
000485.JPEG,6
004447.JPEG,14
004912.JPEG,15
003950.JPEG,0
000738.JPEG,3
000536.JPEG,18
000128.JPEG,14
000663.JPEG,20
003225.JPEG,10
003765.JPEG,2
001067.JPEG,17
003137.JPEG,3
003990.JPEG,0
003510.JPEG,19
004834.JPEG,12
003053.JPEG,7
000814.JPEG,0
004701.JPEG,18
002333.JPEG,11
003379.JPEG,10
002002.JPEG,11
003491.JPEG,1
002327.JPEG,11
002268.JPEG,0
004467.JPEG,19
002138.JPEG,7
002684.JPEG,15
004383.JPEG,12
001917.JPEG,12
004950.JPEG,10
004140.JPEG,6
003590.JPEG,16
004770.JPEG,20
000705.JPEG,10
001158.JPEG,7
003855.JPEG,6
001661.JPEG,13
001591.JPEG,1
003523.JPEG,16
005135.JPEG,6
001327.JPEG,15
003184.JPEG,1
001674.JPEG,20
002146.JPEG,12
000002.JPEG,16
002512.JPEG,14
002007.JPEG,11
004267.JPEG,15
004754.JPEG,18
004187.JPEG,19
003843.JPEG,14
001821.JPEG,4
002313.JPEG,12
001389.JPEG,4
000711.JPEG,11
002728.JPEG,8
002257.JPEG,18
000186.JPEG,20
001400.JPEG,13
002536.JPEG,17
001799.JPEG,14
001272.JPEG,11
000598.JPEG,7
000745.JPEG,17
004605.JPEG,5
000455.JPEG,13
001715.JPEG,3
002080.JPEG,1
003415.JPEG,12
004684.JPEG,19
003017.JPEG,19
000930.JPEG,1
003826.JPEG,7
003518.JPEG,7
000494.JPEG,7
002707.JPEG,5
002696.JPEG,19
002159.JPEG,9
004127.JPEG,14
004780.JPEG,20
003177.JPEG,2
001015.JPEG,2
003892.JPEG,9
003660.JPEG,14
001025.JPEG,20
002049.JPEG,0
001548.JPEG,8
002370.JPEG,6
003036.JPEG,3
003006.JPEG,20
002353.JPEG,12
004397.JPEG,8
004583.JPEG,20
001350.JPEG,9
004198.JPEG,6
004477.JPEG,16
000050.JPEG,6
001617.JPEG,3
004802.JPEG,1
001966.JPEG,11
000642.JPEG,11
003969.JPEG,4
001899.JPEG,11
003175.JPEG,3
000302.JPEG,4
002958.JPEG,5
003196.JPEG,5
001445.JPEG,2
001378.JPEG,7
001869.JPEG,17
000999.JPEG,10
002319.JPEG,17
001662.JPEG,4
004969.JPEG,20
001656.JPEG,16
003186.JPEG,16
001056.JPEG,11
004526.JPEG,17
002800.JPEG,2
000645.JPEG,7
003723.JPEG,10
002621.JPEG,10
002048.JPEG,18
000780.JPEG,1
000587.JPEG,20
002892.JPEG,7
002150.JPEG,6
000404.JPEG,20
002312.JPEG,0
001100.JPEG,7
003970.JPEG,4
000508.JPEG,16
003834.JPEG,1
001222.JPEG,6
000293.JPEG,20
004877.JPEG,7
002932.JPEG,2
003427.JPEG,1
001975.JPEG,15
002316.JPEG,2
000296.JPEG,12
002249.JPEG,17
001136.JPEG,19
002434.JPEG,17
003828.JPEG,12
004688.JPEG,11
005144.JPEG,20
000416.JPEG,5
002840.JPEG,11
002537.JPEG,16
001386.JPEG,14
003193.JPEG,6
001072.JPEG,11
000391.JPEG,8
004478.JPEG,13
003330.JPEG,7
000538.JPEG,14
004337.JPEG,11
002177.JPEG,15
003989.JPEG,4
002412.JPEG,8
002171.JPEG,16
003521.JPEG,11
004705.JPEG,0
001502.JPEG,14
001354.JPEG,0
004266.JPEG,18
004651.JPEG,0
001366.JPEG,12
000714.JPEG,9
002482.JPEG,15
003930.JPEG,14
003918.JPEG,18
002774.JPEG,17
004996.JPEG,9
004423.JPEG,19
000178.JPEG,19
002732.JPEG,2
000181.JPEG,11
001651.JPEG,0
000165.JPEG,3
000432.JPEG,8
002216.JPEG,18
001976.JPEG,17
005239.JPEG,7
004756.JPEG,5
003401.JPEG,20
000004.JPEG,6
004061.JPEG,10
000566.JPEG,20
000606.JPEG,3
002666.JPEG,16
003393.JPEG,2
004700.JPEG,19
003260.JPEG,2
003598.JPEG,1
004974.JPEG,2
004736.JPEG,9
003115.JPEG,0
000240.JPEG,17
000368.JPEG,2
005146.JPEG,2
000913.JPEG,6
002251.JPEG,11
004055.JPEG,17
004967.JPEG,1
000544.JPEG,0
003348.JPEG,4
000085.JPEG,17
004149.JPEG,20
004105.JPEG,11
001752.JPEG,7
000314.JPEG,14
000202.JPEG,2
002008.JPEG,17
003463.JPEG,7
001474.JPEG,13
002914.JPEG,12
000042.JPEG,12
003881.JPEG,15
005121.JPEG,14
002845.JPEG,18
005127.JPEG,15
001540.JPEG,0
000384.JPEG,11
002968.JPEG,0
000524.JPEG,12
001759.JPEG,5
001290.JPEG,10
002483.JPEG,6
003157.JPEG,11
000786.JPEG,11
002895.JPEG,7
001543.JPEG,15
005157.JPEG,12
004854.JPEG,7
000484.JPEG,11
004661.JPEG,18
000649.JPEG,5
003864.JPEG,0
004983.JPEG,3
003665.JPEG,0
004124.JPEG,18
003882.JPEG,0
005167.JPEG,7
003717.JPEG,2
001554.JPEG,20
004881.JPEG,17
003674.JPEG,9
003311.JPEG,5
003110.JPEG,20
004818.JPEG,6
002426.JPEG,7
000388.JPEG,2
004207.JPEG,9
004111.JPEG,11
004652.JPEG,3
003805.JPEG,12
002465.JPEG,16
003835.JPEG,19
